Uniform SKU,length_cm,width_cm,height_cm,11/21/2024,11/22/2024,11/23/2024,11/24/2024,11/25/2024,11/26/2024,11/27/2024,11/28/2024,11/29/2024,11/30/2024,12/1/2024,12/2/2024,12/3/2024,12/4/2024,12/5/2024,12/6/2024,12/7/2024,12/8/2024,12/9/2024,12/10/2024,12/11/2024,12/12/2024,12/13/2024,12/14/2024,12/15/2024,12/16/2024,12/17/2024,12/18/2024,12/19/2024,12/20/2024,12/21/2024,12/22/2024,12/23/2024,12/24/2024,12/25/2024,12/26/2024,12/27/2024,12/28/2024,12/29/2024,12/30/2024,12/31/2024,1/1/2025,1/2/2025,1/3/2025,1/4/2025,1/5/2025,1/6/2025,1/7/2025,1/8/2025,1/9/2025,1/10/2025,1/11/2025,1/12/2025,1/13/2025,1/14/2025,1/15/2025,1/16/2025,1/17/2025,1/18/2025,1/19/2025,1/20/2025,1/21/2025,1/22/2025,1/23/2025,1/24/2025,1/25/2025,1/26/2025,1/27/2025,1/28/2025,1/29/2025,1/30/2025,1/31/2025
1101-060908,9,6,1.75,,,,,,,,,25,,,,,,1,,,,10,,,,,,,,5,,,,,,,,,,,5,,,,,,,,,,,,,,,,,,,,,,,,,,5,,,,,,,,
1101-060916,9,6,1.75,,,,,,,,,,,,,,,,,,,10,,,,,,,,,,,,,,,,,,,,,,,,25,,,,,,,,,,,,,,,,,,,,,,,,,,,,,
1101-060976,9,6,1.75,,,,,,,,,,,,2,,,,,,,,,,,,,,,,,,,,,,,,,,,,,,4,,,,,,,,,,,,,,,,,,1,,,,,,,,,,,,
1101-071008,10,7,1.75,,,,,,,,,,,,,,,,,,,,,,,,,,,,,,,,,,,,,,,,,,,,,,,,,,,,,,,,,,,,,2,,,,,,,,,,,
1101-071016,10,7,1.75,,,,,,,,,25,,,,,,,4,,,,,,,,,,,,,,,,,,,,,,,,,,,,,,,,,,,,,,,,,,,,,,,,,,,,,,,,
1101-071076,10,7,1.75,,,,,,,,,,,,,,,,,,,,,,,,,,,,,,,,,,,,,,,,,,,,,,,1,,,5,,,,,,,,,,,,,,,,,,,,,,
1101-081216,12,8,1.75,,,,,,,,,,,,,,,,,,,,,,,,,,,,,,,,,,,,,,,,,,,,,,,,,3,,,,,,,,,,,,,,1,,,,,,,,,
1101-091376,13,9,1.75,,,,,,,,,,,,,,,,,,,,,,,,,,,,,,,,,,,,,,,,,,,4,,,,,,5,,,,,,,,,,,,,,,,,,,,,,,
1101-101508,15,10,1.75,,2,,,,,,,,,,,,,,,,,,,,,,,,,,,,,,,,,,,,,,,,,,,,,,,,,,,,,,,,,,,,,,,,,,,,,,
1101-101576,15,10,1.75,,,,,,,,1,,,,,,,,,1,,,,,,,,,,,,,,,,,,,,,,,,,,,,,,,,,,,,,5,,,,,,,,,,,,,,,,,,
1101-121808,18,12,1.75,,,,,,,,,,,,,,,,,,,,,,,,,,,,,,,,,,,,,,,,,,,,,,,,,,,,,,,,,,,,,,,,,,1,,,,,,
1101-121876,18,12,1.75,,,,,,,,,,,,,,,,,,,,,,,,,,,,,,,,,,,,,,,,,,,1,,,,,,,,,,,,,1,,,,,,,,,,,,,,,,
1101-142076,20,14,2,,,,,,,,1,,,,,,,,,,,,,,,,,1,,,,,,,,,,,,,,,,,,,,,,,,,,,,,,,,,,,,,,,,,,,,,,,
1102-060901,9,6,1.75,,,,,,,,,,,,,,,,,,,,,,,,,,,,,,,,,1,,,,,,,,,,,,,,,,,,,,,,,,,,,,,,,,,,,,,,,
1102-081201,12,8,1.75,,,,,,,,,,,,,,1,,,,,,,,,,,,,,,,,,,,,,,,,,,,,,,,,,,,,,,,,,,,,,,,,,,,,,,,,,
1102-091301,13,9,1.75,,,,2,,,,,,,,,,,,,,,,,,,,,,,,,,1,,,,,,,,,,,,,,,,,,,,5,,,,,,2,,,,,,,,,,,,,,,,
1102-101501,15,10,1.75,,,,,,2,,,,1,,,,,,,,,,,2,1,,,,,,,,,,,,,,,,,,,,,,,,,,,5,,4,,,,,,,,,,,,,,,,,,,,,
1102-121801,18,12,1.75,,,,2,,,,,,,,,,,,,,,,,,,,,,,,,,,,,,,,,,,,,,,,,,,1,,,3,,,,,,,,,,,,,,,,,,,,,,
1102-142001,20,14,1.75,,,,,,2,,,,,,,,,,,,,,,,,,,,,1,,,1,1,,,,,,,,,,,,,,,,,,,,,,,,,,,,,,,,,,,,,,,,,
1103-040605,6,4,2,,,,,,,,,1,,,,,,,2,,1,,1,,,,1,,,,,2,,,10,,,,,,3,,,,,,,,,1,,,,,,,2,,,1,,,,,,1,,,,,,,,,
1103-040632,6,4,2,3,,,,,,,,,,,,,,1,,,,,,,,,,,,,,,,,,,,,,,,,,,,,,,,,,,,,,,,,,,,4,,,,,,,,,10,,,,
1103-040641,6,4,2,,,,,,,,,,,,,,,,,,,,,,,,,,,,,,,,,,,,,,,,,,,,,,,,,,,,,,,,,,,8,,,,,,,,,,,,,
1103-050804,8,5,2,,,,,,,,,,,,,,,,7,,,,,,,,,,,5,,,1,,,,,,,,,,,5,,,,,1,,,,1,,,,,,,,,,,,,,,,,,,,,4,
1103-050807,8,5,2,,,,,,,,,,,2,2,,,,,,,,,,,1,,,,,,,,,,,,,,,,,,,,,,,,,,,,,,,,,,,8,,,,,,,,,,,,,,
1103-050810,8,5,2,,,,,,,,,,,,,,,,,,,,,,,1,,,,,,,,,75,,,,,,,,,,,,,,,,,,,,,,,,,,,,,,,,,,,,,50,,,
1103-050830,8,5,2,,,,,,,,,,,,2,,,,,,,2,,,,,,,,,,,,,,,,,,,,,,,,,,,,,,,,,,,,,,,,,,,,,,,,,,,,,
1103-050851,8,5,2,,5,,,,,,,,,,,,,,,,,,,,,1,,,,,,,,,,,,,,,,,,,,,5,,,,,,,,,,,,,,,,,,2,,,,,,,,,,
1103-060904,9,6,2,3,,,,,,,,,,,1,1,,,,,,4,,,,,,,,,1,,,,,,,,,,,,45,1,,,,,,1,,,,,,,,,,,,,,,,,,,,,,,,2,
1103-060905,9,6,2,1,,,,,2,,,,1,,,,,,,2,,5,,,,,,,1,1,4,1,10,3,10,,,,,,10,,,1,,3,,,,2,,,,,,,,10,,10,,,,1,,1,,,,10,,2,,,
1103-060907,9,6,2,3,,,,,,,,,,,,,,,,,,,,,,,,,,,,,,,,5,,,,,,,25,,,,,,,,,,,,,,,1,,,,,,,,,,,,,,2,,,
1103-060908,9,8,2,,,,,,,,,,,,,,,,,,,,,,,,,,,,6,,,,,,,,,,,,,,,,,,,,,,,,,,,2,,,,,,,,,,,,,,,,,
1103-060910,9,6,2,28,,,,,,,,,,,14,,,,,,,16,,,,,,,,,,,,,,,,,,,,,,,,4,,,,,5,10,,,,,,1,11,,,,,,,12,,,,,,14,1,,
1103-060915,9,6,2,,,,,,,,,5,,,4,,,,,,,,,,,,,,,,,,,,,,,,,,,,,,,,,,,,,,,,,,,,,,,,,,,,,,,,,,,,
1103-060921,9,6,2,,,,,,,,,,,,,10,,,,,,,,,,,,,,,1,,,,,,,,,,,,,,,,,,,,,,,,,,,2,,,,,,1,,,,,,,,,,,
1103-060925,9,6,2,3,,,,,,,,,,,,,,,,,,,,,,,,,,,,,,,,1,,,,,,,,,,,,,,1,,,,,,,,,,,,,,,,,1,,,,,,,,25
1103-060926,9,6,2,,,,,,,,,,,,,1,,1,,,,,3,,,,,,,,,,,,,,,,,,,,,,,,,,,1,7,,,,,,1,1,,1,,,,,,1,,,,,,5,,,
1103-060930,9,6,2,3,,,,,,,,,,,,,,,,,,,,,,,,,,,,,,,,,,,,,,,,,,,,,,,,,,,,,,,,,,,,,,,,,,,,,,,
1103-060932,9,6,2,27,,,,,,,,,,,,,,,,,,,,,,,,,10,,,,,,,,,,,,,,,,,,,,,1,,,,,,1,,1,,,,,,,,1,,,,,,10,,,
1103-060941,9,6,2,,,,,,,,,,,,,,,,,,,,,,,,,,,,,,,,,,,,,1,,,,,,,,,,,,,,,,,,1,,,,,,,2,,,,,,,,1,,
1103-060942,9,6,2,,,,,,,,,,,,,,,,,,,,,,,,,,,,,,,,,,,,,,,,,,,,,,,,,,,,,,,,,,,,,,,1,,,,,,,,,
1103-060951,9,6,2,,10,,5,,,,,,,,1,4,2,,,,,,,,,,,,,,,,,,,,,,,,,,2,,,1,,2,1,,1,2,,,,,6,1,2,,,,2,,,4,,,,,,3,,,
1103-060976,9,6,2,,,,,,,,,,,,,,,,,,,,,,,,,,,,,,,,,,,,,,,,,,,1,,,,,,,,,,,,,,,,,,,,,,,,,,,,,
1103-060998,9,6,2,,,,,,,,,,,,,,,,,,,,,,,,,,,,,,,,,,,,,,,,,,,1,,,,,,,,,,,,,,,,,,,,,,,,,,,,,
1103-060999,9,6,2,,,,,,,,,,,,,,,,,,,2,,,,,,,,,,,,,,,,,,,,,,,,,,,,,,,,,,,,,,,,,,,,,,,,,,,,,
1103-071004,10,7,2,,,,,,,,,,,,,,,,,,,1,,,,,,,,,,,,,,,,,,,,,,,,,,,,,,,,,,,,,,,,,,,,1,,,,,,,,,
1103-071005,10,7,2,,,,,,,,,,,,12,20,,,,,,5,,,,,,,,,1,1,,,,,,,,,,,,,,9,,,,,,8,,,,,,,,2,,,,,,,,,2,,,,,,
1103-071007,10,7,2,10,,,,,,2,,,,,3,,,,,,,1,,,,,,,,,,,,1,,,1,,,,,,,,,1,,,,,,,,,,,,,,,1,,,,,2,,,,1,,1,,,
1103-071008,10,7,2,,,,,,,,,,,,,,,,,,,,,,,,,,,,,,,,,,,,,,,,,,,,,,,,,,,,,,,1,,,,,,,,,,,,,,,,1,
1103-071010,10,7,2,,,,,,,,1,,,,7,,,,,,,,,,,,,,25,,,,,1,,,,,,,,,,,5,,,,,1,,,,5,,,,,,,,,,10,1,1,,,3,,,,,,
1103-071015,10,7,2,,,,,,,,,,,,4,,,,,,,4,,,,,,,,,4,,,1,,1,,,,,,,5,,,4,,,,,,,,,,,,,,,,,,,,4,,,,,,8,,,
1103-071021,10,7,2,,,,,,,,,,,,1,,,,,,,,,,,,1,,,,1,,,1,,,,,,,,,,,10,,,,,5,,1,,,,,,1,3,3,,,,,,2,,,,,4,1,,1,
1103-071025,10,7,2,,,,,,,,,,,,,,,,,,,,,,,,,,,,,,,,,,,,,,,,,,,,1,,,1,,,,,,,,,,,,,,,,,,,,,,,,,
1103-071026,10,7,2,,,,,,,,,,,,,,,,,,,,,,,,,,,,,,,1,,,,5,,,,,,,,,,,,,,,,,,,,,1,,,,,,,,,,2,,,,,,
1103-071030,10,7,2,,,,,,,,,,,,,,,,,,,,,,,,,,,,,,,,,,,,,,,,8,,,,,,,,,,,,,,,,,,1,,,,,,10,,,,,,,,
1103-071032,10,7,2,5,,,,,,,,,,,,,,,,,,,,,,1,,,,250,1,,,1,25,,,,,,,,,,,,,,,,,1,,,,,,1,1,,,,,,,3,,,2,,,2,,,
1103-071041,10,7,2,,,,,,,,,,,,,,,,,,,,,,,,,,,,,,,1,,,,,,,,,,,,,1,,,,,,,,,,,2,,,,,,,,,,,,,,,,,
1103-071042,10,7,2,,,,,,,,,,,,,,,,,,,,,,,,,,,,,,,1,,,,,,,,,,,,,1,,,,,1,,,,,,,,,,,,,5,,,,,,,,,1,
1103-071051,10,7,2,,,,,,,,,,,,8,,,,,,,,,,,,,,,2,,,,1,,,,,,,,,,,,,1,,,,,,,,,,,1,,,,,,,,4,,,,,,2,,2,
1103-071076,10,7,2,,,,,,,,,,,,,,,,,,,,,,,,,,,,,,,,,,,,,,,,,,,,,,,,,,,,,,,,,,,,,,,,,,,,,,1,,
1103-081204,12,8,2,,,,,,,,,25,,,,,,,,,,2,,,,,,,,,,,,,,,,,,,,,,,,14,,,,,,16,,,,,,,20,,,,,,,,,,,,,2,,,
1103-081205,12,8,2,,,,,,,1,,,,,4,,10,,,,,11,,,,,1,,,,,1,,,,,,,,,,,,,,,,,,,,,1,,,,,,7,,,,,,,9,,1,,,,9,,,
1103-081207,12,8,2,,1,,,,,2,,,,,16,,,,,,,4,10,,,,,,,,,,,,,,,,,,,,,,,,1,,,,,,,,,,,,,,,,1,,,2,,,,,10,,,,
1103-081208,12,8,2,,,,,,,,,,,,,,,,,,,,,,,,,,,,,,,,,,,,,,,,10,,,1,,,,,,,,,,,,,,,,,,,,,,,,,,,,,10
1103-081210,12,8,2,3,,,,,,,,,,,,,,,,,,,,,,,,,,,,2,,,,2,,,,,,,,,,1,,,,,,3,,,,,,,1,,,,,,,4,,,,,,,,,
1103-081215,12,8,2,,,,,10,,,,,,,,,,,,,,2,,,,,,,,,2,1,,,,,,5,,,,,,,,14,,,,,,,,,,,,,,,,,,,,,,,,,,4,,,
1103-081221,12,8,2,1,,,,,,,,,,,1,,5,,,,,,2,,,,,,10,,,,,,,,,,,1,,,,1,,,,,,10,,,,,,,,,,,,,,,,1,,,,,,,,,
1103-081225,12,8,2,,,,,1,,,,,,,13,,,,,,,4,,,,,,,,,,,,,,,,,,,,,,,,,,,,,,,1,,,,,,,,,,,,,,,,,,,,,,
1103-081226,12,8,2,,,,,,,,,100,,,4,,5,,,,,4,2,,,,,,,,,,,,,,,,,,,,5,,,,,,,,,,,,,,,,,,,,,,,,,,,,,,,,
1103-081230,12,8,2,,,,,,,,,,,,,,5,,,,,,,,,,,,,,,,,,,,,,,,,,,,,,,,,,,,,,,,,,,,,,,,,,,,,,,,,,
1103-081232,12,8,2,,,,,,,,,,,,,,,,,,,2,,,,,,,,,2,,,,,,,,,1,,,,,,,,,,,,,,,,,1,,,,,,,,,,,,2,,,,,,
1103-081241,12,8,2,,,,,,,,,,,,,,3,,,,,,,,,3,,,,1,,,,,,,,,,,,,,,,1,,,,,,,,,,,,1,,,,,,,,,,,,,,,,,
1103-081251,12,8,2,,,,,1,,,2,2,,,,,10,,1,,,,,,,,,,,,,,,,,,,,,,,,,,,,,,1,,,,,,,,,,,,,,,,,,,,,,,,,,
1103-081276,12,8,2,,,,,,,,,,,,,,,,,,,,,,,,,,,,,,,,,,,,,,,,,,,,5,,,,,,,3,,,,,,,,,,,,2,,,,,,,,,
1103-091304,13,9,2,,,,,,,,,,,,2,,5,,,,,4,,,,1,,,,,,,,,,,,,,3,,,3,,,,,,,,6,,,,,,,,,,,,,,,1,2,,,,,2,2,,
1103-091305,13,9,2,1,,,,,,,,3,,,,,,,,,,,5,,,,1,,,,,,,,,,,,,,,,,,,,1,,,,,4,,,,1,,,,,,,,,,,,2,,,,,,,
1103-091307,13,9,2,5,,,,,,,,,,,,,,,,,,3,,,,,,,,,4,,,,,,,,,,,,,,,,,,,,,,,,,,,,2,,,,,,,3,,,20,,,16,,,
1103-091310,13,9,2,,,,2,,,,,,,,,7,,,,,1,6,,,,,,,6,,1,,,,,,,,,,,,,,,13,,,,,,2,5,,,,,,,,,,,,,2,,,,,,10,25,,
1103-091315,13,9,2,,,1,,,,,,,,,,,,,,,,5,,,,,,,,,1,,,,,,,,,,,,,,,,,,,,,,,,,,,,,,,,,,,,,,,1,,3,,,
1103-091321,13,9,2,,,,,,,,,,,,2,,,,,,,2,,,,,,,,,,,,,,,,,,3,,,,,,2,3,,,,,,,,,,1,,2,,,,,,,2,,,,,,,,,
1103-091325,13,9,2,,,,,,,,,,,,3,,,,,,,,,,,,,,,,,,,,,,,,,,,,,,,,,,,,,,,,,,,,,,,,,,,,,,,,,,,,
1103-091326,13,9,2,,,,,,,,,,,,6,,,,,,,1,,,,,,,,,,,,,,,,,,,,,,,,,2,,,,,,,,,,,1,,,,,,,,,,,,,,,,,
1103-091330,13,9,2,,,,,1,,,,,,,,,,,,,2,,,2,,,,,,,,,,,,,,,,,,,,,,,,,,,,,,,,,,,,,,,,,,,,,,,,,,,
1103-091332,13,9,2,,,,,,,,,,,,1,,,,,,,,,,,,,,,,,,,,,,,,,,,,,,,,5,,,,,7,,,,,,,8,,,,,,,12,,,,,,,,,
1103-091341,13,9,2,,,,,,,,,,,,,,,2,,,,,,,,,1,,,,,,,,,,,,,,,,,1,,,,,,,,2,,,,,,,,,,,,,,2,,,,,,,,,
1103-091351,13,9,2,,,,,,,,,,,,,,,,,,,,1,,,,,,,,2,,,,,,,,,,,,,,,,,,,,,8,,,,,,,5,,2,,,,,7,,3,,3,,,,,
1103-091376,13,9,2,,,,,,,,,,,,,,,,,,,,,,,,,,,,,,,,,,,,,,,,,,,,1,,,,,,,,,,,,,,,,,,,,,,,,,,,,
1103-101504,15,10,2,,,,,,,,,,,,1,5,,,,,,,,,,11,,,,5,,,,,,,,,,,,,,1,,5,,,,,,1,,,,,5,,3,,2,,,,,8,,,2,,,11,,,
1103-101505,15,10,2,,,,1,,1,,4,,,,2,,3,,,,26,2,,,,,1,,,,,,,,2,,,,,,,,1,2,,,,,,,,2,,2,1,,,,,,13,,1,,3,,,,,,4,,1,,
1103-101507,15,10,2,,,,,,,8,,,,,2,,,,,,,,,,,,,,,,,8,,,,,,,,,,,,,,,,,,,,5,,,,,,,8,,8,,,,,8,,,,,,,,,
1103-101508,15,11,2,,,,,,,,,,,,,,,,,,,,,,,,,,,,,,,,,,,,,1,,,,,,,,,,,,,,,,,,,1,,,,,,,,,,,,,,,,
1103-101510,15,11,3,,,,,,,,,,,,,,,,,,,22,,,,,,,,,,,1,,,,,,,,,1,,,,,1,,,,1,1,,,,,,,,,,,,,,,,,1,,,,,,
1103-101515,15,10,2,,,,,,,,,,,,,1,,,,,,21,,,,,,,,,,,,,,,,,,,,,,,3,2,,,,,,,,,,,,,1,,,,,1,,1,,,,,1,5,5,,
1103-101521,15,10,2,,,,,,,,,,,2,4,,,,,,,2,,,,,,,,10,,,,,,6,,,,,,,,,,,,,,10,,2,,,,,,,1,,,,,,,3,,,,,,1,,,
1103-101525,15,10,2,,2,,,,,,,,,,,,,,,,,,,,,,,,,,,,,,,,,,,,,,,,,,,,,,,,,,,,,,,,,,,,,3,,,,,,1,,,
1103-101526,15,10,2,,,,,3,,,,5,,2,1,,,,1,,,,,,,,,,,,,,,,,,,,,,,,,,,,,,,,,,,,,,1,,,,,,,,,,,,,,,,,,
1103-101530,15,10,2,,,,,,,,,,,,,,,,,,,,,,,,,,,,,,,,,,,,,1,,,,,,,,,,,,,,,,,,,,,,,,,,,,,,,,,,,
1103-101532,15,10,2,,,,,5,,,,,,,,,,,1,,,,,,,,,3,,2,,,,,,,,,,,,,,3,,3,,,4,,,,,1,,,,,,,,,,,,2,,2,,,,3,,,
1103-101541,15,10,2,,,,,,1,,,,,4,,,,,,,3,,2,,,,,,,1,2,,,,,,,,,,,,,,,,,,,,,,,,,,,,,,,,,,,,,,,,,3,,,
1103-101551,15,10,2,,,,,,,,,,,,,,,,,,,,,,,,,,,,,,,,,,,,,,,,,,,,,,,,,1,,,,,,,1,,,,,,,,,,,,,,,,
1103-101576,15,10,2,,,,,,,,,,,,,,1,,,,,2,,,,,,,,,,,,,,,,,,,,,,,,,,,,,,,,,,,,,,,,,,,,,,,,,,,,,
1103-121804,18,12,2,,,,,,,,,,,,,,,,,,,,,,,,,,,,,,,,,,,,,,,,,,,19,,,,,,,,,,,,,5,,,,,,,,,5,,,,,,,
1103-121805,18,12,2,,,,,10,5,,,,2,1,,,,,,,,,1,,,1,5,,,,,1,,,,,,1,,1,,,1,3,,,,,,,,,2,,,,,,3,,,,2,11,,10,,1,11,,,4,,,35
1103-121807,18,12,2,,,,,,5,,,,,,,,,,1,,,,,,,,,,,,8,,,,,,,,,,,,,,1,,,,,,,,,,,,,,,,,,,,,,,,,,,,,,25
1103-121808,18,12,2,10,,,,,,2,,,,,,,,,,,,15,,,,,,,,,,,,,,,,,,,,,15,,,,,,,,,,,,,,,,,,,,,,,,,,,,,,,,
1103-121810,18,12,2,,,,,,,,,,,,21,,,,,,,,,,,,,,,,,,,,,,,,1,,,,,,,,,,,,,1,,,,,,1,,,,,1,,,,,5,,,,,,,25
1103-121815,18,12,2,,,,,,10,,,,,,7,,,,,,,2,,,,,,,,10,,1,,,,,,,,,,,1,,,2,,,,,,7,,,,,,,9,,,,,,,4,,2,,,,,,12,
1103-121821,18,12,2,15,,,,10,,,,,,,,,,,,,,,,,,,,,,,,,,,,,,4,,,,,,,1,13,,,,,,5,,,,,,,,,,,,,1,2,,,,,25,,,10,25
1103-121825,18,12,2,,,,,,,,,,,,4,,,,1,,,,,,,,,,,,2,,,,,,,,,,,,,,,,,,,,,,,,,,,,,,,,,,,,,1,,,,1,,,19
1103-121826,18,12,2,,,,,,,1,,1,,1,1,,,,,1,,,,,,,,,,1,,,,2,,1,,25,1,,,,,,,,,,,,2,,,,,,,,,,,,,,,,,,,,,,,,25
1103-121830,18,12,2,,,,,,,,,,,,,,,,,,,,,,,,,,,,,,,,,,,,,,,,,,,,,,,,,1,,,,,,,,,,,,,,,,5,,,,,,10,
1103-121832,18,12,2,,,,,,,,,,,,,,,,,,,19,,,1,,,,,,7,,,,,1,,26,,,,,15,,,,,,,,,3,,2,,,,,4,,,,,,,2,5,,,,2,1,,,25
1103-121841,18,12,2,,3,,,,,1,,,,,19,,10,,,,,,,,,15,3,,,,,,,,,,,,,,11,,,,,,,,,,,,,,,,,,,,,,,,,,,,,,,,,,
1103-121851,18,12,2,,,,,,5,,,,,,,,,,,,,,1,,,,,,,,1,1,,,,,,5,,,,,,,,,,,,,,,,1,,,,,,,2,,,,,,,,,3,,,,,25
1103-121876,18,12,2,1,,,,,1,,,,,,,,,,,,,,,,,,,,,,,,,,,,,,1,,,,,,,,,,,,,,,,,,,,,,,,,,,4,,,,,,,,,
1103-142004,21,15,3,,,,,,,,,,,,,,,,,,,,,,,,,,,,,,,,,,,,,,,,,,,,,,,,,,,,,,,,,,,,1,,,,,,,,,,,,
1103-142076,20,14,2,,,,,,,,,,,,,,,,,,,,,,,,,,,,,,,,,,,,,,,,,,,,,,,,,,,,,,,,,,,,,,,1,,,,,,,,,
1104-060907,9,6,3.25,,,,,,,,5,,,,4,,,,,,,,,,,,,,,,,,,,,,,,,,,,,,,,,,,,,,,,,,,,,,,,,,,,,,,,,,,,
1104-060960,9,6,3.25,,,,,,,,,,,,1,,,,,,,4,,,,,,,,,10,,,,,,,,,,,,,,,27,,,,,,,,,,,,,,,,,,,,1,,,,,,1,,,
1104-071060,10,7,3.25,,,,,,,,,,,,,,,75,,,,,,,,,,,,,,,,,,,,,,,,,2,,,1,,,,,,2,,,,,,,,,,,,,3,4,,,,,,,,,
1104-080807,9,9,3,,,,,,,,,,,,,,,,,,,,,,,,,,,,,,,,,,,,,,,,,,,,,,,,,,,,,,,,,,,,,,,,,,3,,,,,,
1104-081207,12,8,3.25,,,,,,,,,,,,,,,,,,,,,,,,,,,1,,,,,,,,,,,,,,,,,,,,,,,,,,,,,,,,,,,,,,,,,,,,,
1104-081260,12,8,3.25,,,,,,,,,10,,,,,,,,,,,,,,,,,,,,,,,,,,,,,,,,,,12,,,,,,,,,,,,,,,,,,,,,,,,,,,,,
1104-091360,13,9,3.25,,,,,,,,,,,,7,,,,,,,,,,,,,,,,1,,,,,,,,,,,,,,,14,,,,,,,,,,,,,8,,,,,,,,,,,,,,,,
1104-101507,15,10,3.25,,,,,,,,,,,,1,,,,,,,1,,,,,,,,,,,,,,,,,,,,,,,,,,,,,,,,,,,,,,,,,,,,8,,,,,,7,,,
1104-101560,15,10,3.25,,,,,,,,,,75,,10,,,,,1,,1,,,5,,,,,,,,,,,,,,,,,,64,,,8,,,,,,1,,,,12,,,,,,,,,,,,,,,,,,,
1104-121807,18,12,3.25,,,,,,,,,,,,,,,,,,,2,,,,,,,,,,,,,,,,,,,,,,,,,,,,,,1,,,,,,,,,,,,,,,,,,,,,,,
1104-121860,18,12,3.25,,,,,,,,,,,,4,,2,,,10,,3,,10,,,1,,,,7,,,,,,10,,,,,,,,,4,,,,,,12,,,,,5,,3,,,,,,,6,,,,,,4,,,
1104-142060,20,14,3.25,,,,,,,,,,,,,,,,,,,,,,,,,,,,,,,,,,,,,,,,1,,,,,,,,,,,,,,,,,,,,,,,,,,,,,,,,
1108-071101,12,9,3,,,,1,,,,,,,,,,,,,,,,,,,,,,,,,,,,,,,,,,,,,,,,,,,,,,,,,,,,,,,,,,,,,,,,,,,,
1108-081201,13,9,4,,,,,,,1,,,,,,,,,,,,,,,,,,,,,,,,,,,,,,,,,,,,,,,,,,,,,,,,,,,,,,,,,,,,,,,,,
1108-121801,19,14,3,1,,,,,,,,,,,,,,,,,,,,,,,,,,,,,,,,,,,,,,,,,,,,,,,,,,,,,,,,,,,,,,,,,,,,,,,
1108-142001,20,15,3,,,,,,,,,,,2,,,,,,,,,,,,,,,,,,,,,,,,,,,,,,,,,,,,,,,,,,,,,,,,,,,,,,,,,,,,,
1109-060900,9,6,2,,,,,,,,,,,,,,,,,,,,,,,,,,1,,,,,,,,,,,,1,,,,,,,,,,,,,,,,,,,,,,,,,,,,,,,,,,
1109-071000,10,7,2,,,,,,,,,,,,,,,,,,,,,,,,,,,,,,,,,,,,,,,,,,,,,,,,,,,,,,,,,,,,,,,,,,,,,,4,,
1109-081200,12,8,2,,,,,,,,,,,,,,,,,,,,,,,,,,,,,,,,,,,,,,,,,,,,,,,,,,,,,,,,,,,,,,,,,,,,,,,2,
1109-081208,13,8,3,,,,,,,,,,,,,,,,,,,,,,,,,,,1,,,,,,,,,,,,,,,,,,,,,,,,,,,,,,,,,,,,,,,,,,,,,
1109-101500,15,10,2,,,,,,,,1,,,,,,,,,,,,,,,,,,,,,,,,,,,,,,1,,,,,,,,,,,,,,,,,,,,,,,,,,,,,,,,,,
1109-101508,16,10,3,,,,,,,,,,,,,,,,,,,,,,,,,,,1,,,,,1,,,,,,,,1,,,,,,,,,,,,,,,,,,,,,,,,,,,,,,,,
1109-121708,17,12,3,,,,,,,,,,,,,,,,,,,,,,,,,,,,,,,,,,,,,,,,,,,,,,1,,,,,,,,,,,,,,,,,,,,,,,,,,
1109-121800,18,12,2,,,,,,,,,,,,,,,,,,,,,,,,,4,,,,,,,,,,,,,,,,,,,,,,,,,,,,,,,,,,,,,,,,,,,,,,,
1109-142008,20,14,3,,,,,,,,,,,,,,,,,,,,,,,,,,,,,,,,,,,,,,,,,,,,,,,,,1,,,,,,,,,,,,,,,,,,,,,,,
1109-152008,20,15,4,,,,,,,,,,,,,,,,,,,,,,,,,,,,,,,,,,,,,,,,,,,1,,,,,,,,,,,,,,,,,,,,,,,,,,,,,
1110-070750,7,7,2.25,,1,,,,,,,,,,,,,,,,,,1,,,,,,,,,,,,,,,,,,,,,,,,,,,,,,,,,,,,,,,,,,,,,,,,,,,,
1110-081210,12,8,2.25,,,,,,,,,,,,,,,,,,,,1,,,,,,,,,,,,,,,,,,,,,,,,,,,,,,,,,,,,,,,,,,,,,,,,,,,,
1110-081230,12,8,2.25,,,,,,,,,,,,,,,,,,,,1,,,,,,,,,,,,,,,,,,,,,,,,,,,,,,,,,,,,,,,,,,,,,,,,,,,,
1110-081250,12,8,2.25,,,,,,,,,,,,,,,,,,,,1,,,,,,,,,,,,,,,,,,,,,,,,,,,,,,,,,,,,,,,,,,,,,,,,,,,,
1110-101050,10,10,2.25,,,,,,,,,,,,,,,,,,,,1,,,,,,,,,,,,,,,,,,,,,,,,,,,,,,,,,,,,,,,,,,,,,,,,,,,,
1110-121830,18,12,2.25,,,,,,,,,,,,,,,,,,,,,,,,1,,,,,,,,,,,,,,,,,,,,,,,,,,,,,,,,,,,,,,,,,,,,,,,,
1110-121899,18,12,2.25,,,,,,,,,,,,,,,,,,,,,,,,,,,,1,,,,,,,,,,,,,,,,,,,,,,,,,,,,,,,,,,,,,,,,,,,,
1111-062005,20,12,1,,,,,,,,,,,,1,,,,,,,,,,,,1,,,,,,,,1,,,,10,,,,,,,4,,,,,,1,,,,,,,,,,,,,,1,,,,,,,,,1
1111-062011,20,12,1,,,,1,,,,,,,,,,5,,,,,,,,,,,,,,,,,,,,,,,,,,,,,,,,,,,,,,,,,,,,,,,,,1,,,,,,,,,
1111-062016,20,12,1,,,,,,,,,,,,,,,,,,,,,,,,,,,,,,,,,,,,,,,,,,,,,,,,,,,,,,,,,,,,,,,1,,,,,,,,,
1112-060904,9,6,2,,,,,2,,,,,,,,,,,,,,,,,,,,,,,,,,,,,,,,,,,,,,,,,,,,,,,,,,,,,,,,,,,,,,,,,,,
1112-071004,10,7,2,,,,,,,,,,,,1,,,,,,,1,,,,,,,,,,,,,,,,,,,,,,,,,,,,,,,,,,,,,,,,,,,,2,,,,,,,,,
1112-071025,10,7,2,,,,,,,,,,,,5,,,,,,,1,,,,,,,,,,,,,,,,,,,,,,,,,,,,,,,,,,,,,,,,,,,,,,,,,,,,,
1112-071039,10,7,2,,,,,,,,,,,,1,,,,,,,,,,,,,,,,,,,,,,,,,,,,,,,,,,,,,,,,,,,,,,,,1,,,,,,,,,,,,
1112-081204,12,8,2,,,,,,,,,,,,,,,,,,,5,,,,,,,,,,,,,,,,,,,,,,,,,,,,,,,,,,,,,,,,,,,,,,,,,,1,,,
1112-121804,18,12,3,,,,,,,,,,,,,2,,,,,,,,,,,,,,1,,,,,,,,,,,,,,,,,,,,,,,,,,,1,,,,,,,,,,,,,,,26,,,
1113-060925,9,6,2.75,,,,,,,,,,,,,,,,,,,,,,,,,,,,1,,,,,,,,,,,,,,,,,,,,,,,,,,,,,,,,,,,,,,,,,,,,
1113-081245,12,8,2.75,3,,,,,,,,,,,,,,,,,,,,,,,,,,,,,,,,,,,,,,,,,,,,,,,,,,,,,,,,,,,,,,,,,,,,,,,
1114-081240,12,8,2.75,,,,,,,,,,,,,,,,,,,,3,,,,,,,,,,,,,,,,,,,,,,,,,,,,,,,,,,,,,,,,,,,,,,,,,,,,
1114-081245,12,8,2.75,,,,,,,,,,,,,,,,,,,,3,,,,,,,,,,,,,,,,,,,,,,,,,,,,,,,,,,,,,,,,,,,,,,,,,,,,
1116-101445,14,11.5,2.5,,,,,,,,,,,,,,,,,,,,,,,,,,,,,,,,,1,,,,,,,,,,,,,,,,,,,,,,,,,,,,,,,,,,,,,,,
1117-101441,15,11,2.5,,,,,,,,,,1,,,,,,,,,,,,,,,,,,,,,,,,,,,,,,,,,,,,,,,,,,,,,,,,,,,,,,,,,,,,,,
1118-101524,20,12,2,,,,,,,,,,,,,,,,,,,,,,,,,,,,,,,,,,,,,,,,,,,,,,,,,,,,,,,,,1,,,,,,,,,,,,,,,
1118-101550,20,12,2,,,,,,,,,,,,,,,,,,,,,,,,,,,,,,,,,,,,,,,,,,,,,,,,,,,,,,,1,,,,,,,,,,,,,,,,,
1118-101604,20,10.5,3,,,,,,,,,,,,,,,,,,,,,,,,,,1,,,,,,,,,,,,,,,,,,,,,,,,,,,,,,,,,,,,,,,,,,,,,,
1118-101625,20,10.5,3,,,,,,,,,,,,,,,,,,,,,,,,,,,,,,,,,,,,,,,,,,,,,,,,,,,,2,,,,,,,,,,,,,,,,,,,,
1118-121824,21,14,4,,,,,,,,,,,,,,1,,,,,,,,,,,,,,,,,,,,,,,,,,,,,,,,,,,,,,,,,,,1,,,,,,,,,,,,,,,
1118-131904,23,13,3,,,,,,,,,,,,,,,,,,,,,,,,,,,,,,,,,,,,,,,,,,,,,,,,,,,,,,,,,,,,,,,,,,,,,,4,,
1118-131925,23,13,3,,,,,,,,,,,,,,,,,,,,,,,,,,,,,,,,,,,,,,,,,40,,,,,,,,,,,,,,,,,,,,,,,,,,,,,,,
1118-131930,23,13,3,,,,,,,1,,,,,,,,,,,,,,,,,,,,,,,,,,,,,,,,,10,,,,,,,31,,,,,,,,,,,,,,,,,,,,,,,,,
1118-162224,26,17,4,,,,,,,,,,,,,,,,,,,,,,,,,,,,,,,,,,,,,,,,,,,,,,,,,,,,,,,,,1,,,,,,,,,,,,,,,
1119-101204,13,10,4,,,,,,,,,,,,,,,,,,,,,1,,,,,,,,,,,,,,,,,,,,,,1,,,,,,,,,,,,,,,,,,,,,,,2,,,,,,
1119-101207,13,10,4,2,,,,,,,,,5,,,,,,,,,,,,,,,,,,,,,,,,,,,,,,,,,,,,,,,,,,,,,,,,,,,,,,,,2,,,,,1,
1119-101210,13,10,4,,,,,,,,,,,,,,,,,,,,,,,,,,,,,,,,,,,5,,,,,,,,,,,,,,,1,,1,,6,,,,,,,,,,,,,,,,,,
1119-101220,13,10,4,,,,,,,,,,,,,,,,,,,,,,,,,,,,,,,,,,,,,,,,,,,,,,,,,,,,,,2,,,,,,,,,,,,,,,,,,
1119-101225,13,10,4,,,,,1,,,,,,,,,,,,,,,,,,,,,,,,,,,,,,,,,,,,,,,,,,,,,,,,,,,,,,,,,,,,,,,,,,,
1119-101230,13,10,4,,,,,,,,,,,,,,,,,,,,,,,,,,,,,,,,,,,,,,,,,,,,,,,,,,,,,,,,,,,,,,,,,,2,,,,,,
1119-101240,13,10,2,,,,,,1,,,,,,,,,,,,,,,,,,,,,,,,,,,,,5,,,,,,,,,,,,,,,,,,,,,,,,,,,,,,,,,,,,,
1119-151550,15.5,18,3.5,,,,,,,,,,,,,,,,,,,,,,,,,,,,,,,,,,,,,,,,,,,,,,,,,,,,,,,,,,,,,,,1,,,,,,,,,
1120-351631,16,13,3,,,,,,,,,,,,,,,,,,,,5,,,,,,,,,,,,,,,,,,,,,,,,,,,,,,,,,,,,6,,,,,,,,,,,,,,,,
1120-451626,16,12,3,,,,,,,,,,,,,,10,,,,,,,,,,,,,,,,,,,,,,,,,,,,,,,,,,,,,,,,,,,,,,,,,,,,,,,,,,
1122-122200,20,13,3,,,,2,,,,,,,,,,,,,,,,,,,,,,,,,,,,,,,,,,,,,,,,,,,,,,,,,,,,,,,,,,,,,,,,,,,,
1123-081225,12,8,3,,,,,,,,,,,,,,,,,,,,,,,,,,,,,,,,,,,,,1,,,,,,,,,,,,,,,,,,,,,,,,,,,,,3,,,,,,
1123-091330,13,9,3,,,,,,,,,,,,,,,,,,,,,,,,,,,,,,,,,,,,,1,,,,,,,,,,,,,,,,,,,,,,,,,,,,,,,,,,,
1124-101204,13,10.5,3,,,,,,,,,,,,1,,,,,,,,,,,,,2,,,,,,,,,,,,,,,,,,,,,,,,,,,,,,,,,,,,,,,,,,,,,,,
1124-101210,13,10.5,3,,,,,,,,,,,,,,,,,,,,,,,,,5,,,,,,,,,,,,,,,,,,,,,,,,,,,,,,,,,,,,,,,,,,,,,,,
1124-101230,13,10.5,3,,,,,,,,,,,,,,,,,,,5,,,,,,,,,,,,,,,,,,,,,,,,,,,,,,,,,,,,,,,,,,,,,,,,,,,,,
1124-101270,13,10.5,3,,,,,,,,,,,,,,,,,,,,,,,,,5,,,,,,,,,,,,,,,,,,,,,,,,,,,,,,,,,,,,,,,,,,,,,,,
1127-081200,12,9,4,,,,,,,,,,,,,,,,,,,,,,,,,,,,,,,1,,,,,,,,,,,,,,,,,,,,,,,,,,,,,,,,,,,,,2,,,,
1127-142000,21,15,3,,,,,,,,,1,,,,,,,,,,,,,,,,,,,,,,,,,,,,,,,,,,,,,,,,,,,,,,,,,,,,,,,,,,,,,,,
1128-031208,12,8,3,,,,,,,,,,,,4,2,,,,,4,,,,,,4,,,,,,,,,,,,,,,2,6,,2,,,,,,,2,,,,4,,,,,,,,,,,,,,,4,2,,,
1128-031211,12,8,3,,,,,2,2,,,,,,4,,,,,,,20,,,,,4,,,,,,,,,2,,,,,,,,,,,,,,,,2,,,,,,,,,,,,,,,,,,2,,,,,
1128-031226,12,8,3,,,,,,2,,,,,,,,,,,,,50,,,,,,,,,,,,,,,,,,,,,,,2,,4,,,,,,,,,,,,,,,,,,,,,,,,,,,,
1128-031231,12,8,3,,,,,,2,,,,,,,,,,,,,,,,,,,,,,,,,,,,,,,,,,,,,,,,,,,,,,,,,,,,,,,,,,,,,,,,,,
1128-031241,12,8,3,,,,,,,,,,,,,,,,,,,20,,,,,,,,,,,,,,,,,,,,,,,,,2,,,,,,,,,,,,,,,,,,,,,,,,,,,,
1128-031299,12,8,3,,,,,,,,,,,,,,,,,,,,,,,,,,,,,,,,,,,,,,,,,,,,,,,,,,,,,,,,,,,8,,,,,,,,,,,,,
1128-351508,16,11,3,,,,,,,,,,,,,2,,,,,,,,,,,,,,,,,,,,,,,,,,,,,,,,,,,,,,,,,,,,,,,,,,,,,,,,,,,
1128-351511,16,11,3,,,,,,,,,,,,,,,,,,,,,,,,,,,,,,,,,,,,,,,,,,,,,,,,,,2,,,,,,,,,,,,,,,2,,,,,,,
1128-451508,16,13,4,,,,,,,,,,,,,2,,,,,,,,,,,,,,,,,,,,,,,,,,,,,,,,,,,,,,,,,,,,,,,,,,,,,,,,,,,
1128-551526,15,11,4,,,,,,,,,,,,,,,,,,,,,,,,,,,,,,,,,,,2,,,,,,,,,,,,,,,,,,,,,,,,,,,,,,,,,,,,,
1128-551531,15,11,4,,,,,,,,,,,,,,,,,,,,,,,,,,,,,,,,,,,2,,,,,,,,,,,,,,,,,,,,,,,,,,,,,,,,,,,,,
1128-551541,16,11,4,,,,,,,,,,,,,,,,,,,,,,,,,,,,,,,,,,,2,,,,,,,,,,,,,,,,,,,,,,,,,,,,,,,,,,,,,
1129-041046,11,9,2,,,,1,,,,,,,,,,,,,,,,,,,,,,,,,,2,,,,,,,,,,,,,,,,,,,,,6,,,,,,,,,,,,,,,,,,,,,
1129-051546,16,12,2,,,,1,,,,,,,,,,,,,,,,,,,,,,,,,,,,,,,,,,,,,,,,,,,,,,,,,,,,,,,,,,,,,,,,,,,,
1137-051108,12,6,3,,,,,,,1,,,,,25,,,,,1,,18,,,,,,,,,14,,,,,,,,,,,,,,,14,,,,5,,78,,,,,,2,14,,,,,,,21,,,,,,2,,,
1137-051111,12,6,3,,,,,,,,,,,,,,,,,,,,,,,,,,,,,,,,,,,,,,,,,,,,,,,,,,,,,,,,,,,10,,,,,,,,,,,,,
1137-051151,12,6,3,,,,,,,,1,,,,13,,,,,,,23,,,,1,,,,,6,,,,,,,,,,,,,,,11,,,,,,15,,,,,,,1,,,,,,,9,,,,,,16,,1,
1137-061208,12,6,3,,,,,,,,,,,,,,,,,,,,,,,,,,,,,,,,,,,,,,,1,,,,,,,,,,,,,,,,,,,,,,,,,,,,,,,,,
1137-751308,14,8,3,,,,,,,,,,,,11,,,,,,,2,,,,,,,,,2,,,,,,,,,,,,,,,5,,,,,,,,,,,,,6,,,,,,,4,,,,,,8,,,
1137-751351,14,8,3,,,,,,,,1,,,,5,,,,,,,7,,,,,,,,,,,,,,,,,,,,,,,,,,,,,,11,,,,,,,12,,,,,,,11,,,,,1,8,,,
1138-101307,14,11,3,,,,,,,,,,,,,,,,,,,,,,,,,,,,,,,,,,,,,1,,,,,,,,,,,,,,,,,,,,,,,,,,,,,,,,,,,
1138-101360,14,11,3,,,,,,,,,,,,,,,,,,,,,,,,,,,,,,,,,,,,,3,,,,,,,,,,,,,,,,,,,,,,,,,,,,,,,,,,,
1142-081207,12,8,3,,,,,,,,,,,,,,,,,,,,,,,,,,,,,,,,,,,,,,,,,,,,,,,,,,,,,,,,,,,,,,,,,,,,1,,,,
1144-040901,12,10,4,,,,,,,,,6,,,,,,,,,,,,,,,,,,,,,,,,,,,,,,,,,,,,,,,,,,,,,,,,,,,,,,,,,,,,,,,
1144-040906,10,4,3,,,,,,,,,,,,,,,,,,,,,,,,,,,,8,,,,,,,,,,,,,,,,,,,,,,,,,,,,,,,,,,,,,,,,,,,,
1144-040950,10,4,3,,,,,,,,,,,,2,,,,,,,,,,,,,,,,,,,,,,,,,,,,,,,,,,,,,,,,,,,,,,,,,,,,,,,,,,,,
1144-071001,11,8,3,,,,,,,,,,,,4,,,,,,,,,,,,,,,,,,,,,,,,,,,,,,,,,,,,,,,,,,,,,,,,,,,,,,,,,,,,
1144-091250,13,10,3,,,,,,,,,,,,,,,,,,,,,,,,,,,,,,,,,,,,,,,,,,,,,,,,,1,,,,,,,2,,,,,,,,,,,,,,,,
1148-080804,8,8,2,,,,,,,,,,,,,,,,,,,,1,,,,,,,,,,,,,,,,,,,,,,,,,,,,,,,,,,,,5,1,,,,,,,,,,,,,,,
1148-080807,8,8,2,,,,,,,,,,,,,,,,,,,,1,,,,,,,,,,,,,,,,,,,,,,,,,,,,,,,,,,,,,,,,1,,5,,,,,,,,1,,
1148-080810,8,8,2,,,,,,,,,,,,,,,,,,,,1,,,,,,,,,,,,,,,,,,,,,,,,,,,,,,,,,,,,,,,,1,,,,,,,,,,,,
1148-080825,8,8,2,,,,,,,,,,,,,,,,,,,,1,,,,,,,,,,,,,,,,,,,,,,,,,,,,,,,,,,,,,,,,,,,,,,,,,,,,
1148-080830,8,8,2,,,,,,,,,,,,,,,,,,,1,1,,,,,,,,,,,,,,,1,,,,,,,,,,,,,,,,,,,,,,,,,,,5,,,,,,,,,,
1148-080835,8,8,2,,,,,,,,,,,,,,,,,,,,1,,,,,,,,,,,,,,,,,,,,,,,,,,,,,,,,,,,,,,,,,,,,,,,,,,,,
1149-751608,17,8,3,,,,,,,,,,,,1,,,,,,,,,,,,,,,,,,,,,,,,,,,,,,,,,,,,,,,,,,,,,,,,,,,,,,,,,,1,,5
1149-751611,17,8,3,,,,,,,,,,,,,,,,,,,4,,,,,,,,,1,,,,,,,,,,,,,,,3,,,,,,,,,,,,,3,,,,,,,,,,,,,2,1,,
1150-030576,10,9,2,,4,,,,,,,,,,,,,,,,,,,,,,,,,,,,,,,,,,,,,,,,,,,,,,,,,,,,,,,,,,,,,,,,,,,,,,
1151-351508,15,11,3,,,,,,,,,,,,,,,4,,,,,,,,,,,,,1,,,,,,,1,,,,,,,,,1,,,,,,,,,,,,,,,,,,,,,,,,,,,,
1151-451546,16,10,3,,,,,,,,,,,,,,,,,,,,,1,,,,,,,,,,,,,,,,,,,,,,,,,,,,,,,,,,,,,,,,,,,,,,,,,,,
1152-121846,19,13,2,,,,,,,,,,,,,,,,,,,,,,,,,,,,,,,,,,,,,,,,10,,,,,,,,,,,,,,,,,,,,,,,,,,,,,,,,
1153-101529,15,10,2,,,,,,,,,,,,,,,,,,,,,,,,,,,,,,,,,,,,,,,,2,,,,,,,,,,,,,,,,,,,,,,,,,,,,,,,,
1153-131804,18,13,2,,,,,,,,,,,,,,,,,,,,,,,,,,,,,,,,,,,,,,,,,,,,,,,,,,,,,,,,,,,,,,,,,,,,,,,,2
1155-101501,19,10,4,,,,,,,,,,,,,2,,,,,,,,,,,,,,1,,,,,,,,,,,,,,,,,,,,,,,,,,,2,,,,,,,,,,,,,,,,,,
1160-652250,23,13,2,,,,,,,,,,,,,,,,,,,,,,,,,,,,,,,,,,,,,,,,,,,,,,,,,,,,,,,,,,,,,,,,,,,,1,,,,
1161-031304,14,11,3,,,,,,1,,,,,,,,,,,1,,,,,,,,,,,,,,,,,,,,,,,,,,2,,,,,,,,,,,,2,,,,,,,,,,,,,,,,,
1161-031307,13,10,3,,,,,,1,,,,,,1,,,,,,,3,,,,2,,1,,,,,,,,,,,,1,,,,,,,,,1,,,1,,,,,,,,,,,,,,,,,,,,,,,
1161-031309,13,10,3,,,,,,,,,,,,,,,,,,,,,,,,,,,,,,,,,,1,,,,,,,,,,,,,,,,,,,,,,,,,,,,,,,,,,,,,,
1161-031310,13,10,3,,,,,,1,,,,,,,,,,,,,,,,,,,,,,,,,,,,,,,,,,,,,,,,,,,1,,,,,,,,,,,,,,,,,,,,,,,
1161-031315,13,10,3,,,,,,1,,,,,,,,,,,,,,,,,,,,,,,,,,,,,,,,,,,,,,,,,,,,,,,,,,,,,,,,,,,,,,,,,,
1161-031320,14,11,3,,,,,,,,,,,,,,,,,,,,,,1,,,,,,,,,,,,,,,,,,,,,,1,,,,,,1,,,,,,,,,,,,,,,,,,,,,,
1161-031329,13,10,3,,,,,,,,,,,,,,,,,,,,,,,,,,,,,,,,,,,,,,,,,,,,,,,,,,,,,,,,,,,,,,,,,1,,,,,,1,
1161-351504,16,11,3,,,,,,1,,,,,,,,,,,,,,,,,,,,,,,,,,,,,,,,,,,,,,,,,,,,,,,,,,,,,,,,,,,,,,,,1,,
1161-351507,16,11,3,,,,,,1,,,,,,,,,,,,,3,,,,,,,,,,,,,,,,,,,,,,,,,,,,,1,,,,,,,,,,,,,,,,,,,,,,,,
1161-351515,16,11,3,,,,,,1,,,,,,,,,,,,,,,,,,,,,,,,,,,,,,,,,,,,,,,,,,,,,,,,,,,,,,,,,,,,,,,,,,
1161-451504,16,13,3,,,,,,,,,,,,,,,,,,,,,,,1,,,,,,,,,,,,,,,,,,,,,,,,,,1,,,,,,,,,,,,,,,,,,,,,,,
1161-451510,16,13,3,,,,,,,,,,,,,,,,,,,,,,,,,,,,,,,,,,,,,,,,,,,,,,,,,,,,,,,,,,,,,,,,,,,,,,1,,
1161-451515,16,13,3,,,,,,,,,,,,,,,,,,,,,,,,,,,,,,,,,,,,,,,,,,,,,,,,,,1,,,,,,,,,,,,,,,,,,,,,,
1161-551507,16,13,4,,,,,,,,,,,,,,,,,,,,,,,,,,,,,,,,,,,,,,,,,,,,,,,,,,2,,,,,,,,,,,,,,,,,,,,,,
1161-551520,16,13,4,,,,,,,,,,,,,,,,,,,,,,,,,,,,,,,,,,1,1,,,,,,,,,,,,,,,,,,,,,,,,,,,,,,,,,,,,,
1161-551535,16,13,4,,,,,,,,,,,,,,,,,,,,,,,,,,,,,,,,,,,1,,,,,,,,,,,,,,,,,,,,,,,,,,,,,,,,,,,,,
1163-091315,14,10,3,,,,,,,,,,,,,,,,,,,,,,,,,,,,,,,,,,,,,,,,,,,,,,,2,,,,,,,,,,,,,,,,,,,,,,,,,
1163-162115,22,17,4,,,,,,,,,,,,,,,,,,,,,,,,,,,,,,,,,,,,,,,,,,,,,,,,,,,,,,,,,,,,,,,,,,,,,,,,1
1163-203015,30,20,4,,,,,,,,,,,,,,,,,1,,,,,,,,,,,,,,,,,,,,,,,,,,,,,,,,,,,,,,,,,,,,,,,,,,,,,,,
1170-090907,10,10,3,,,,,,,,,,,,,,,,,,,,,,,,,,,,5,,,,,,,,,,,,,,,,,,,,,,,,,,,,,,,,,,,,,,,,,,,,
1170-090940,10,10,3,,,,,,,,,,,,,,,,,,,,1,,,,,,,,,,,,,,,,,,,,,,,,,,,,,,,,,,,,,,,,,,,,,,,,,,,,
1170-090950,10,10,3,,,,,,,,,,,,,,,,,,,1,1,,,,,,,,,,,,,,,,,,,,,,,,,,,,,,,,,,,,,,,,,,,,,,,,,,,,
1170-101004,11,11,3,,,,,,,,,,,,,,,,,,,,2,,,,,,,,,,,,,,,,,,,,,,,,,,,,,,,,,,,,,,,,,,,,,,,,,,,,
1170-101010,11,11,3,,,,,,,,2,,,,,,,,,,,,1,,,,,,,,,,,,,,,,,,,,,,,,,,,,,,,,,,,,,,,,,,,,,,,,,,,,
1170-101020,11,11,3,,,,,,,,,,,,,,,,,,,,1,,,,,1,,,,,,,,,,,,,,,,,,,,,,,,,,,,,,,,,,,,,,,,,,,,,,,
1170-101025,11,11,3,,,,,,,,,,,,,,,,,,,,1,,,,,,,,,,,,,,,,,,,,,,,,,,,,,,,,,,,,,,,,,,,,,,,,,,,,
1170-101030,11,11,3,,,,,,,,,,,,,,,,,,,,1,,,,,,,,,,,,,,,,,,,,,,,,,,,,,,,,,,,,,,,,,,,,,,,,,,,,
1170-101035,11,11,3,,,,,,,,,,,,,,,,,,,,2,,,,,,,,,,,,,,,,,,,,,,,,,,,,,,,,,,,,,,,,,,,,,,,,,,,,
1170-101040,11,11,3,,,,,,,,,,,,,,,,,,,,1,,,,,,,,,,,,,,,,,,,,,,,,,,,,,,,,,,,,,,,,,,,,,,,,,,,,
1170-101050,11,11,3,,,,,,,,,,,,,,,,,,,,1,,,,,,,,,,,,,,,,,,,,,,,,,,,,,,,,,,,,,,,,,,,,,,,,,,,,
1171-041000,11,9,3,,,,,,,,,,,,,,,,,,,,,,,,,,,,,,,,,,,,,,,,,,,,,,,,,,,,,,,,,,2,,1,,,,,,,,,,,,
1172-031200,13,10,3,,,1,,,,,,,,,,,,,,,,,,,,,,,,,,,,,,,,,,,,,,,,,,,,,,,,,,,,,,,,,,,,,,,,,,,,,
1172-551500,16,12,3,,,,,,,,,,,,,,,,,,,,,,,,,,,,,,,,,,,,,,,,,,,,,,,,,,,,,,,,,,,,,,,,,,,,,,,1,
1174-102407,27,14,5,,,,,,,,,,,,,,,,,,,,,,1,,,,,,,,,,,,,,,,,,,,,,,,,,,,,,,,,,,,,,,,,,,,,,,,,,
1174-102465,27,14,5,,,,,,,,,,,2,,,,,,,,1,,,,,,,,,,,,,,,,,,,,,,,,,,,,,,,,,,,,,,,,,,,,,,,,,,,,,
1174-132807,30,17,5,,,,,,,,,,,,,,,,,,,,,,,,,1,,,,,,,,,,,,,,,,,,,,,,,,,,,,,,,,,,,,,,,,,,,,,,,
1174-132865,30,17,5,,,,,,,,,,,,1,1,,,,,,,,,,,,,,,,,,,,,,,,,,,,,,,,,,,,,,,,,,,,,,,,,,,,,,,,,,,
1174-162607,28,21,5,,,,,,,,,,,,,,,,,,,2,,,,,,,,,,,,,,,,,,,,,,,,,,,,,,,,,,,,,,,,,,,,,,,,,,,,,
1174-162665,28,21,5,,,,,,,,,,,,,,,,,,,,,,,,,,,,,,,,,,,,,,,,,,,,,,,,,,,,,,,,,,,,,,,1,,,,,,,,,
1174-222807,29,30,5,,,,,,,,,,,,,,1,,1,,,1,,,,,,,,,,,,,,,,,,,,,,,,,,,,,,,,,,,,2,,,,,,,,,,,,,,,,,
1174-222865,29,30,5,,,,,,,,,,,,,,,,,,,,,,,,,,,,,,,,,,,,,,,,,,,,,,,,,,,,,,,,,,,,1,,,2,,,,,,,,,
1175-080807,9,8,4,,,,,,,,,,,,,,,,,,,1,,,,,,,,,,,,,,,,,,,,,,,,,,,,,,,,,,,,,,,,,,,,,,,,,,,,,
1175-080825,9,8,4,,,,,,,,,,,,,,,,,,,,,,,,,,,,,,,,,,,,,,,,3,,,,,,,,,,,,,,,,,,,,,,,,,,,,,,,,
1175-080830,9,8,4,,,,,,,,,,,,,1,,,,,1,,,,,,,,,,,,,,,,,,,,,,,,,,,,,,,,,,,,,,,,,,,,,,,,,,,,,,
2201-060905,13,6,4.25,,,,,1,1,,,,,,,,,10,,,,,,,,,,,,1,,,,,,1,,,,,,,,,,,,,,,,,,2,,,,,,,,,,,5,,,,,,,,,,
2201-060908,13,6,4.25,,,,,,,,,,,,,,,,,,,,1,,,,,,,10,2,,,,,,,,,,,,,1,,,,,,,1,,,,,,,,,,,,,,3,2,,,,,,1,,,
2201-060911,13,6,4.25,,,,,,,,,1,,,,,,,,1,,,2,,,,1,,,,,,,,,,1,,,,,1,2,1,,,,,,,,,,5,2,,2,,2,,,,,,,,,,,,,,,,
2201-060916,13,6,4.25,,5,,,,1,1,,,,,,,,6,,,,,,,1,1,,,,,,1,,,,,1,,,,,,,,,1,,,,,,,1,,,,,,,,,,,,,,,,,2,,,,,
2201-060921,13,6,4.25,,,,,,,,,,,,,,,,,,,,,,,,,,,,,,,,,,,,,,,,,,,,,,,,,,1,,,4,,2,,,,,,,,,,,,,,,,,
2201-060926,13,6,4.25,,,,,,,,,,,,,1,,4,,,,,,,,,,,,,,,,,,,1,,,,,,,,,,2,,,,,,,,,,,,1,10,10,,2,,,,10,,,,,,,,
2201-060932,13,6,4.25,,,,,,,,,,,,,,,,,,,,,,,,,,,,,,,,,,,,,,,,,,,,,,,,,,,,,,2,,,1,,,,,,,,,,,,,,,
2201-060936,13,6,4.25,,,1,,,,,,,,,,,,,1,,,,,,,,,,,,,,,,1,,,,,,,,,1,,,,,,,,,,,,,,,,,,,,,,,,,,,,,,,
2201-060941,13,6,4.25,,,1,,,,,,,,,,,,1,,,,,,,,,,,,,,,,,,,,,,,,,,,,,,2,,,1,,,,,,,,4,,,,,,,,,,,,,,,,
2201-060999,13,6,4.25,,,,,,,,,,,,,,,,,,,1,,1,,,,,,,,,,,,,,,,,,,,,,,,,,1,,,,,,,,,,,,,,,,,,,,,,,,,
2201-101505,21,11,5,,,,,,15,,,,,,,,,,,,,2,2,,,,,,,,,,,,,2,,,,,,,,,,,,,,,,,,,,,,,,,5,,,,,,,2,,,,1,3,,
2201-101508,21,11,5,,,,,,,,,,1,,,,,,,,,2,,,,,,,,,,,,,,,1,,,,,,,,,,,,,1,,,,,,,,,,,,,,,,,,,,,,3,,,
2201-101511,21,11,5,,,,,,,1,,,,,1,,,,3,,,,2,,1,10,1,,,,,,,,,,,,,,,,,,,,,1,,,,1,,,,,,1,1,,,,,,1,,,,,,,,3,,
2201-101516,21,11,5,,,,,,,,,,,,,1,,,1,,,,,,,,2,,,,,,,,,,,,,,,,,,,,,,,,,,,,,,,,,,2,,,,,,,10,,,,,,,
2201-101521,21,11,5,,,,,,,,,,,,,,,,,,,,2,,,,,,,,,,,,,,,,,,,,,,,,,,,,,,,,,,,,,,5,,,,2,,,,,,,,,,1
2201-101526,21,11,5,,,,,,,,,,,,,1,,,,,,,,1,,,,,,,,,1,,,,,,,,,,,,1,,,,,,,,,,,,,,4,,,,,,,,,,,,,,1,,
2201-101532,21,11,5,,,,5,,,,,,,,,1,,2,,,,,,,,,,,,,,1,,,,,,,,,,1,,,,,,,,,,,1,,,,,,2,1,,,,,,,,,,,2,,,,
2201-101536,21,11,5,,,,,,,,,,,,,,,,,,,,,,,,,,,,,,,,,,,,,,,,,,,,,,,,,,,,,,,,4,,,,,,,,,,,,,,,,
2201-101541,21,11,5,,,,,,,,,,,,,,,,,,,2,1,,,,,,,,,,1,,,,,,,,,,,,,,,,,,,,,,,,,,,2,1,,,,1,,,,,,,1,1,,
2201-101599,21,11,5,,,,,2,,,,,,,,,,,,,,,,,,,,,,,,,,,,,,,,,,,,,,,,,,,,,,,,,,,,,,,,,,,,,,,,,,,
2201-121805,24,13,5,,,,,,,,,,,,,,,,,,,,,,,,,,,,,,,,,,,,,1,,,,,,,,,,,,,,,,,,,,,,,,,,,,,,,,,,,
2201-121808,24,13,5,,,,,,,,,,,,,,,,,,,,,,,,,,,,,,,,,,,,,,,1,,,,,,,,,,,,,,,,,,,,,,,,,,,,,,,,,
2201-121811,24,13,5,,,,,,,,,,,,2,,,,,,,,,1,,,,,,,,,1,,,,,,,,,,,,,,,,,,,,,,,,,1,,,,,,,,,,,,,,,1,,
2201-121816,24,13,5,,,,,,1,,,,,,,,,,,,,,,1,,,,,,,,,1,,5,,,1,,1,,1,,,,,1,,,,,,,,,,,,,,,,,,,,,,,,,,,,
2201-121821,24,13,5,,,,,,,,,3,,,,,,,,,,,,,,,,,,,,,,,,,,,,1,,,,,,,,,,,,,,,,,,,,,,,,,,,,2,,,,1,,,
2201-142005,26,15,5,,1,,,,,,,,,,,,,,,,,,,,,,,,,,,,,,,,,,,,,,,,,,,,,,,,,,,,,,,,,,,,10,,,,,,2,,,,
2201-142011,26,15,5,,,,,,,,,,,,,,,,,,,1,,,,,,,,,,,,,,,,,,,,,,,,,,,,,,,,,,,,1,,,,,,,1,,,,,,,,,,
2201-142016,26,15,5,,,,,,,,,,,,,,,,,,,,,,,,,,,,,,,,,,,,,,,,,,,,,,,,,,10,,,,,,,2,,,,,,,,,,,,,,,
2201-751005,14,7.5,4.25,,1,1,,,8,,,,,,,,1,,,1,18,69,,,,,,,5,,,,,,,5,,,,,,,3,,,,,10,,,3,,,,,4,,,,,,5,,,,,,,,,,,,,
2201-751008,14,7.5,4.25,,,,,,,,,1,,,,,,,,,,,,,,,,,,,24,,,,,,,,,,,,,,,,1,,,,,,,,,,,,,,,,,,,2,,,,10,,22,,,
2201-751011,14,7.5,4.25,,1,,,,,,,,,,9,2,,1,,,,21,2,1,,10,,1,,,7,,,,,1,,,,,,1,,,,,5,,,1,,,,1,2,,,,,,,,,,,1,,,,,,1,,,
2201-751016,16,8,4,,,,,,,,,,,,1,,,1,30,,18,1,,,,,,,,,2,,,,,20,,,,,,,,,,,,20,,,,,,,,,,,21,,,,,,,2,,20,,,,5,,,
2201-751021,14,7.5,4.25,,1,,,,,,,,,,8,,1,6,,1,12,10,,1,,,,,,,,,,,,1,,,,,,,,,,1,,,,,,,1,,,,,,,,,,,,,,,1,,,,,,,
2201-751026,14,7.5,4.25,,1,,,,,,,,,,3,,,,,,,4,,,2,,,,,,1,,,,,1,,,,,,,25,10,,,,,,,3,,,,,,,,,,,,,,,3,,1,,,,1,,,
2201-751032,14,7.5,4.25,,,,,,,,,,,,,,,1,,,,2,,,2,,,,,,,1,,,,1,,,,,,,,,,1,,,,,,,,,,,,5,,,,1,,,,1,,,,,,2,,,
2201-751036,14,7.5,4.25,,,,,,1,,,,,,2,,1,,,,1,1,2,,,,,,,,,,,,,,,,,,,,,,,,1,,,,,,,,,,,,,,,,,,,,,1,,,1,,,,
2201-751041,14,7.5,4.25,,1,,,,,,,,,2,3,,,,,,,3,,,,,,,,,,,,,,,,,,,,,2,,,,,,,,3,,,,,,,,,,,1,,,,,,1,,,,10,,,
2201-751051,14,7.5,4.25,,,,,,,,,1,,,,,,,,,,1,,,,,,,,,,,,,,1,,,,,,,2,,,4,,,,,3,,,4,,,,40,,,,,,,,1,,,,,,4,,,
2201-751099,14,7.5,4.25,,,,,,,,,,,,,,,,1,,,,,,,,,,,,3,,,,,,,1,,,,,,,,2,,,,,,,,,,,,,3,,,,,,,1,,,,,,5,,,
2201-851305,17,8.5,4.25,1,,,,,,,,,,,,,,,,1,,4,,,,,1,,,,,,,,,,,,,,,,,,,,,,,1,,,,,,,,,,,,2,,2,,,,10,,2,,,,,
2201-851308,17,8.5,4.25,,,,,,,,,,,,,,,,,,,2,,,,,2,,,,,,,,,1,,,,,,,,,,,,,,,,,,,,,,,,,,,,,,,,,,,,,,,
2201-851311,17,8.5,4.25,,,,,,,,,10,,,,,,,,,,4,,,,,,,,1,,,,,,,,,,,,,,,,1,,,,2,,,,,,10,2,,2,,,,1,,,,,,,,,,,,
2201-851316,17,8.5,4.25,,,,,,,,,,,,1,,,,,,,,,,,,,,,,,,,,,,,,,,,,,,,,,20,,,,,,,,,,,20,,,,,10,,,,20,,,,,,,
2201-851321,17,8.5,4.25,,,,,,,,,,,,5,,,,,,,,,,,,1,,,,,,2,,,,,,,,,10,,,,,,,,,,,,,,,,,,,,1,,,,,,,,,,,,,
2201-851326,17,8.5,4.25,,,,,,,,,,,,,,,,,,,,,,,,,,,,,,,,,,,,,,,,,,,,,,,,,,,,,,,,1,,,,,,,,,,,,,,,,
2201-851336,17,8.5,4.25,,,,,,,,,,,,1,,,,,,,,,,,,,,,,,,,,,,,,,,,,,,,,,,,,,,,,,,,,,,,,,,,,,1,,,,,,,
2201-851341,17,8.5,4.25,,,,,,,,,,,,5,,,,,,,2,,,,,,,,1,,,,,,,,,,,,,,,,,,,,1,,,,,,,,,2,,,,,,,,,,,,,1,,,
2201-851399,17,8.5,4.25,,,,,,,,,,,,,,,,,,,,,,,,,,,,,,,,,,,,,,,,,,,,,,,,,,,,,,,,,10,,,,,,,,,,,,2,,,
2202-101504,19,10,4.25,,,,,,,,,,,,,,,,,,,,,,,,,,,,,,,,,,,,,,,,,,,2,,,,,,,,,,,,,,,,,,,,,,,,,,,,,
2202-101515,19,10,4.25,,,,,,,,,,,,,,,,,,,,,,,,,,,,,,,,,,,,,,,,,,,,,2,,,,,,,,,,,,,,,,,,,,,,,,,,,
2202-101520,19,10,4.25,,,,,,,,,,,,,,,,,,,,,,,,,,,,,,,,,,,,,,,,,,1,,,,,,,,10,,,,,,,,,,,,,,,,,,,,,,
2202-101525,19,10,4.25,,,,,,,,,,,,,,,,,,,,,,,,,,,,,,,,,,,,,,,,,,,,,,,,,,,,,,,,,,,,,,,,10,,,,,,,,
2202-101530,19,10,4.25,,,,,,,,,,,,,,,,,,,,,,,,,,,,,,,,,,,,,,,,,,1,,,,,,,,,,,,,,,,,,,,,,,,,,,,,,
2202-101535,19,10,4.25,,,,,,,,,,,,,,,,,,,,,,,,,,,,,,,,,,,,,,,,,,2,,,,,,,,,,,,,,,,,,,,,,,,,,,,,,
2202-121804,22,12,4.25,,,,,,,,,,,,,,,,,,,,,,,,,,,,,10,,,,,,,,,,,,,,,,,,,,,,,,,,,,,,,,2,,,,,,,,,,,
2202-121807,22,12,4.25,,,,,,,,,,,,1,,,,,,,1,,,,,,,,,,,,,,,,,,,,,,,,,,,,,,,,,,,,,,,,,,,,,,,,,,,,,
2202-121820,22,12,4.25,,,,,,,,,,,,,,,,,,,,,,,,,,,,,1,,,,,,,,,,,,,,,,,,,,,,,,,,,,,,,,,,,,,,,,,,,
2202-121825,22,12,4.25,,,,,,,,,,,,2,,,,,,,2,,,,,,,,,,20,,,,,,,,,,,,,,,,1,,,,,,,,,,,,,,,,,,,,,,,,,,1,
2202-121830,22,12,4.25,,,,,,,,,,,,,,,,,,,,,,,,,,,,,,,,,,,,,,,,,,,,,,,,,,,,,,,,,1,,,,,,,,,,,,,,,
2202-121835,22,12,4.25,,,,,,,,,,,,,,,,,,,,,,,,,,,,,,,,,,,,,,,,,,,,,1,,,,,,,,,,,,,,,,,,,,,,,,,,,
2202-121840,22,12,4.25,,,,,,,,,,,,,,,,,,,,,,,,,,,,,10,,,,,,,,,,,,,,,,,,,,,,,,,,,,,,,,,,,,,,,,,,,
2202-121850,22,12,4.25,,,,,,,,,,,,,,,,,,,,,,,,,,,,,5,,,,,,,,,,,,,,,,,,,,,,,,,,,,,,,,,,,,,,,,,,,
2202-142007,27,15,5,,,,,,,,,,,,,,,,,,,,,,,,,,,,,,,,,,,,,,,,,,,,,,,,,,,,,,,,,,,,,,,,,,,,,1,,,
2202-142015,27,15,5,,,,,,,,,,,,,,1,,,,,,,,,,,,,,,,,,,,,,,,,,,,,,,,,,,,,,,,,,,,,,,,,,,,,,,,,,
2202-142020,27,15,5,,,,,,,,,,,,,,,,,,,,,,,,,,,,,,,,,,,,,,,,,,,,,,,,,,,,,,,,,,,,,,,,,,,1,,1,,,
2202-142030,27,15,5,,,,,,,,,,,,,,1,,,,,,,,,,,,,,,,,,,,,,,,,,,,,,,,,,,,,,,,,,,,,,,,,,,,,,,,,,1
2202-142040,27,15,5,,,,,,,,,,,,,,,,,,,,,,,,,,,,,,,,,,,,,,,,,,,,,,,,,,,,,,,,,,,,,,,,,,,,,,,,1
2202-851304,17,8.5,4.25,,,,,,,,2,,,,,,,,,,,,,,,,,,,,,15,,,,,,,,,,,1,,,,,,25,,,,,,,,,,3,,,,,,,3,,,,,,,5,,
2202-851307,17,8.5,4.25,,,,,,,,,,,,,,,,,,1,3,,,,,,,,,,,,,,,,,,,,,,,,,,,,,,,,,2,,,,,,,,,,,,,,,,,,,,
2202-851310,17,8.5,4.25,,,,,,,,,,,,1,,,,1,,,2,,,,,,,,,,,,,,,,,,,,,,,,,,,,,,,,,,10,,,,,,,,5,,,,5,,,,,2,,
2202-851315,17,8.5,4.25,,,,,,,,,,,,,,,,,,,,,1,,,,,,,,,,,,,,,,,,,,,,,,,,,,,,,,,,,,,,,,,,,,,,,,,,,
2202-851320,17,8.5,4.25,,,,,,,,,,,,,,,,,,,4,,,,,,,,,1,10,,,,,,,,,,,2,,,,,,,,,,,,,,,,,2,,,,,,,,,,,,,,,
2202-851325,17,8.5,4.25,,,,,,,,,,,,1,,,,,,,,,,,,,,,,,10,,,,,,,,,,,,,,,,1,,,,,,,,,,,,,,,,,,,,,,,,1,,,
2202-851330,17,8.5,4.25,,,,,,,,,,,,,,,,,,,,,,,,,,,1,,,,,,,,,,,,,,,,,5,,,4,,50,,,,,,,,,,,,,,,,,,,,,2,,
2202-851335,17,8.5,4.25,,,,,,,,,,,,,,,,,,,1,,,,,,,,,,,,,,,,,,,,,,,,,,,,,,,,,,,,,,,,,,,,,,,,,,,,,
2202-851340,17,8.5,4.25,,,,,,,,,,,,3,,,,,,,,,,,,,,,,,10,,,,,,,,,,,,,,,,,,,,,,,,,,,,,,,,,,,,,,,,,,,
2202-851399,17,8.5,4.25,,,,,,,,,,,,,,,,,,,,,,,,,,,,,,,,,,,,,,,,,,,,,,,,,,,,,,,1,,,,,,,1,,,,,,,10,,,
2203-101504,21,11,5,,,,,,,,,,,,,,,,,,,2,,,,,,,,,,,,,,2,,,,,,,,,,,,,,,,,,,,,,,,,,2,,,,,,,,,,,,6,
2203-101507,21,11,5,,,,,,,,,,,,,,,,,,,,,,,,,,,,,,,,1,,,,,,,,1,,,,,,,,,,,,,,,,1,,,,,,,1,,,,,,,,,
2203-101510,21,11,5,2,,,1,,,,,,,,,1,,,,,,,,,,,,,,,,,,,1,,,,,,,,,,,,,,,,,,,,,,,,,,,,,,,,,,,10,,,,,
2203-101515,21,11,5,,,,1,,,,,,,,,,,,,,,,,,,,,,,,,,,,,,,,,,,,,,,,,,,,,,,,,,,,,,,,,,,,,,,,,3,,,
2203-101520,21,11,5,,,,,,,,,,,,,,,,,,,,,,,,,,,,,,,,1,,,,,,,,,,,,,,,,,,,,,,,,2,,,,,,,3,,,,,,2,,,
2203-101525,21,11,5,,,,,,,,,,,,,,,,,,,,,,,,,,,,,,,,1,,,,,,,,,,,,,,,,,,,,,,,,,,,,,,,,,,,,,,,,
2203-101530,21,11,5,,,,1,,,,,,,,,,,,,,,,,,,,,,,,,,,,,,,,,,,,,,,,,,,,,,,,,,,,,,,,,,,,,,,,,,,,
2203-101540,21,11,5,,,,,,,,,,,,,,,,,,,,,,,,,,,,,,,,,,,,,,,,,,,1,,,,,,,,,,,,,,,,,,1,,,,,2,,,,,,
2203-121804,22,12,3.75,2,,,,,,,,1,,,,,,,,,,,,,,,,,,,,2,,,,1,,,,,,,1,,,,,,,,,,,10,,,2,,,20,10,,,,,,,,,,5,,,2,
2203-121807,22,12,3.75,,,,,,,,,3,,,,,,,,,,,,,,,,,,,,,,,,,,,,,,,,,,,,,,,,,,,,,,,,15,,,,,,,,,,,,,,,
2203-121815,22,12,3.75,,,,,,,,,,,,,,,,,,,,,,,,,,,,,,,,,,,,,,,,,,,,,,,,,,,,,,,,,,,,,,,,,,,,,5,,,
2203-121820,22,12,3.75,2,,,,,,,,,,,,,,,,,,,1,,,,,,,,,,,,,,,,,,,,,,,,,,,,,,,,,,,,,,,,,,,,,,,,,,,,
2203-121825,22,12,3.75,2,,,,,,,,,,,,,,,,,,,1,,,,,,,,1,,,,,,,,,,,,,,,,,,,,,,,,,,,,,1,,,,,,,,,,,,,,,
2203-121830,22,12,3.75,2,,,,,,,,,,,,,,,,,,,,,,,,,,,,,,,,,,,,,,,,,,,,,,,,,,,,,,,,,,,,,,,,,,,,,,,
2203-121840,22,12,3.75,,,,,,,,,,,,,,,,,,,,,,,,,,,,,,1,,,,,,,,,,,,,,,,,,,,,,,,,,,,,,,,,,,,,,,,,,
2203-121899,22,12,3.75,,,,,,,,,,,,,,,,,,,,,,,,,,,,,,,,,,,,,,,,,,1,,,,,,,,,,,,,,,,,,,,,,,,,,,,,,
2203-152204,30,15,5,,,,,,,,,,,,,,,2,,,,,,,,,,,,,,,,,,,,1,,,,,,,,,,,,,,,,2,,,,,,,,,,,,,,,,,,,,,
2203-182604,33,18,6,,,,,,,,,,,,5,,,,,,,,,,,,,,,,,,,,,,,,,,,,,,,,,,,,,,,,,,,,,,,,,,,,,,,,,,,,
2203-751004,14,7.5,3.75,,1,,,2,,,,10,,,,,,,,,,,,,,,,,,,,4,,5,,,,,,,10,,,,1,,,,1,,,,,,,,,,,,,,,1,,,,10,,1,,,2,20,
2203-751007,14,7.5,3.75,,,,,2,,,,,,,,,,,,,,,,,,,,,,,,,,,1,,,,,,,,,,,,,,,,,,,,,,,,,,,,,,,,,,,,,,,,
2203-751010,14,7.5,3.75,,1,,,2,,,,5,,,,,,,,,,,,,,,,,,,,,,,,,,,,,,,,,,,,,,,,,,,,,,,,,,,,,,,,,,,,,,,
2203-751015,14,7.5,3.75,,,,,2,,,,5,,,,,,,,,,,,,,1,,,,,,,,,,,,,,,,,,,,,1,,,,,,,,,,,,,,,,,,,,,,,,,,,,
2203-751020,14,7.5,3.75,,1,,,2,,,,,,,,,,,,,,,,1,,,,,,,,,,,,,,,,,,,,,,,,,,,,,,,,,,,,,,,,1,,,,,,,,,,,
2203-751025,14,7.5,3.75,,1,,,2,,,,10,,,,,,,,,,,,,,,,,,,,,,,,,,,,,,,,2,,,,,,,,,,,,,,,,,,,,,,,,4,,,,,,,
2203-751030,14,7.5,3.75,,1,,,2,,,,,,,,,,,,,,,,,,,,,,,,,,,,,,,,,,,,,,,,,,,,,,,,,,,,,,,,,,,,,,,,,,,
2203-751040,14,7.5,3.75,,1,,,2,,,,5,,,,1,3,,,,,,,,,,,,,,,,,,,,,,,,10,,,,,,,,,,,,,,,,,,,,,,,,,,5,,,,,,,,
2203-751099,14,7.5,3.75,,,,,,,,,,,,,,,,,,,,,,,,,,,1,,,,,,,,,,,,,,,,,,,,,,,,,,,,,,,,1,,,,,,,,,,,,,
2203-851304,17,8.5,3.75,,,,,,,,,,,,,20,,,,,,,,,,,,,,1,,,2,,,1,,,,,,,,,,1,,,,,,,,,2,,,,,,,,,,,,,,,,,,,,
2203-851307,17,8.5,3.75,,,,,,,,,,,,,,,,,,,,,,,,5,,,,,,,,,,,,,,,1,,,,,,,,,,,,,,,,,,,,,,,,,,,,,,,,,
2203-851310,17,8.5,3.75,,,,,,,,,,,,,,,,,,,2,,,,,,,,,,,,,,,,,,,,,,,,,,,,,,,,,,,,,,,,,,,,,,,,,,,,,
2203-851315,17,8.5,3.75,,,,,,,,,,,,,,,,,,,,,,,,,,,,,,,,,,,,,,,,,,,,,,,,,,,,,,,,,,,,,,,,,,,,,1,,,
2203-851320,17,8.5,3.75,,,,,,,,,,,,,,,,,,,,,,,,,,,,,,,,,,,,,,,,,,,1,,,,,,,,,,,2,,,,,,,,,,,,,,,,,,
2203-851325,17,8.5,3.75,,,,,,,,,,,,,,,,,,,,,,,,,,,,,,,,,,,,,,,,,,,,,,,,,,,,,,2,,,,,,,,,,,,,,,,,,
2203-851330,17,8.5,3.75,,,,,,,,,,,,,,,,,,,,,,,,,,,,,,3,,,,,,,,,,,,,,,,,,,,,,,,2,,,,,,,,,,,,,,,,,,
2204-071316,17,7,4,,,,,,,,,,,,,,,,,,,1,,,,,,,,,1,,,,,,,,,,,,,,,,,,,,,,,,,,,,,,,,,,,,,,,,,,,,
2204-091616,20,9,4,,,1,,,,,,,,,,1,,,,,,,,,,,,,,,,,,,,,,,,,,,,,,,,,,,,,,,,,5,,,,,,,,,,,,,,,,,,
2204-101516,19,10,4,1,,,,,,20,,,1,,3,,,,,,,,,,,1,,,,,,,,,,,,,,10,1,,,,,,,,,,,,,2,,,,,,,,,,,,,,,,,,,,,
2204-101716,21,10,4,,,,,,,,,,,,,,,,5,,,1,,,,,,,,,,,,1,,,,,,,,,,,,,,,,,,,10,,,,,,,,,,,,,4,,,,,,,,,2
2204-121816,22,12,4,,,,,,,,,,,,,2,,,,,,4,,,,,,,,,,,,,,,,,,4,,,,,,,,5,,,,,,,,,,,,,,,,,,,,,10,,,,,,
2204-122016,24,12,4,,,,,,,,,,,,,,,,,,,,,,,,,,,,,,,,,,,,,,,,,,,,,,,2,,,,,,,,,,,,,,,,,,,,,,,,,
2204-142016,24,14,4,,,,,,,,,,,,50,,,,,,,,,,,,,1,,,,,,,1,10,,,,,,,,,,,,,,,,,,,,,,,,,,,,,,,,,,,,,,,
2204-162416,26,16,4,,,1,,,,,,,,,1,,,,,,,,,,,,,,,,,,,,,,,,,,,,,,,,,,,,,,,,,,25,,,,,,,,,,,,,,,,,,
2204-182616,28,18,4,,,,,,,,,,,,,,,,,,,,,,,,,,,,,,,,,,,,,3,,,,,,,,,,,,,,,,,,,,,,,,,,,,,,,,,,,
2204-223216,34,22,4,,,,,,,,,,,,,,,,,,,,,,,,,,,,,,,,,,,,,,,,,,,,,,,,,,,,,,,,,,,,,,,,,,,,,1,,,
2204-851416,18,8.5,4,,,,,,10,,,,,,,,,10,,,,1,,10,,,,,,,,,,,,,,,,,,,2,,1,,,,,,,,,,,,,,,,,,,1,,,,,,,,,,2,
2205-650905,13,6.5,4,,,,,,,,,,,,,,,,,,,,,,,,,,,,,,,,,,,,,,,,,,,3,,,,,,,,,,,,,2,,,,,,,5,,,1,,,1,,,
2205-650908,13,6.5,4,10,,,,,,,,,,,,,,,,,10,,,,,,,,,,,,,,,,,,,,,,,,,,,,,,,,,,,,,,,,,,,,,,,,10,,,,,,
2205-650921,13,6.5,4,,,,,,,,,,,,4,,,,,,,,,,,,,,,,,,,,,,,,,,,,,,,,,1,,,,,,,,,,,,,,,,,,4,2,,,,,8,,,
2205-650926,13,6.5,4,,,,,,,,,,,,,,,,,,,,,,,,,,,,,,,,,,,,,,,,,,,,,,,,,,,,,,,,,,,,,,,2,,,,,,,,,
2205-650931,13,6.5,4,,,,,,,,,,,,,,,,,,,,,10,,,,,,,,,,,,,,,,,,,,,,,,,,,,,,,,,,,,,,,,,,,,,,,,,,,
2205-650999,13,6.5,4,,,,,,,,,,,,,,,,,,,,,,,,,,,,,,,,,,,,,,,,,,,,2,,,,,,,,,,,,,,,,,,,,,,,,2,,,,
2206-081231,16,9,4,,,30,,,,,,,,,,,,,,,,,,,,,,,,,,,,,,,,,,,,,,,,,,,,,,,,,,,,,,,,,,,,,,,,,,,,,
2206-091300,17,9,3.25,,,,,,,,,,,,,,,,,,,,,,,,,,,,,,,,,,,1,,,,,,,,,,,,,,,,,,,,,,,,1,,,,,,,,,,,,,
2206-122000,24,12,3.25,,,,,,,,,,,,1,,,,,,,,,,,,,,,,,,,,,,,,,,,,,,,,,,,,,,,,,,,,,,,,,,,,,,,,,,,,
2206-142000,24,14,3.25,,,,,,,,,,,,,,,,,,,,,,,,,,1,,,,,,,,,,,,,,,,,,,,,,,,,,,,,,,,,,,1,,,,2,,,,,,,
2207-071315,17,7,4,,,,,,,,,,,,,,,,,,,,,,,,,,,,,,,,,,,,,,,,,,,,,,,,,,,,,,,,,,,,,,,,,,,,,,5,,
2207-851415,18,8.5,4,,,,,,,,,,,,,,,,,,,,,,,,,,,,,,,,1,,,,,,,,,,,,,,,,,,,,,,,,,,,,,,,,,,,,,,,,
2208-071008,14,7,3,,,,,,,,,,,,,,,,,,,,1,,,,,,,,,,,,,,,,,,,,,,,,,,,,,,,,,,,,,,,,,,,,,4,,,,,,,
2208-081308,17,8,3,,,,,,,,,,,,,,,,,,,,1,,,,,,,,,,,,,,,,,,,,,,,,,,,,,,,,,,,,,,,,,,,,,,2,,,,,,
2208-101808,22,10,3,,,3,,,,,,,,,,,,,,,,,,,,,,,,,,,,,,,,,,,,,,,,,,,,,,,,,,,,,,,,,,,10,,,,,,,,,,
2208-162408,29,16,4,,,,,,,,,,,,,,,,,,,,1,,,,,,,,,,,,,,,,,,,,,,,,,,,,,,,,,,,,,,2,,,,,,,,,,,,,,
2208-751208,16,7.5,3,,,,,,,,,,,,,,10,,,,,,1,,,,,,,,,,,,,,,,,,,,,,,,,,,,,,,,,,,,,,,,,,,,,,,,,,,,
2209-101545,21,11,5,,,,,,,,,,5,,,,,,,,,,,,,,,,,,,,,,,,,,,,,,,,,,,,,,,,,,,,,,,,,,,,,,,,,,,,,,
2210-122010,24,12,3,,,,,,,,,,,,,,,,,,,,,,,,,,,,,,,,,,,,,,,,,,,,,,,,,,,,,,,,,,,,,,,,,,,,,,,20,
2210-122025,24,12,3,,,,,,,,,,,,,,,,,,1,,,,,,,,,,,,,,,,,,,,,,,,,,,,,,,,,,,,,,,,,,,,,,,,,,,,,,
2210-951725,21,9.5,3,,,,,,,,,,,,,,,,,,,,1,,,,,,,,,,,,,,,,,,,,,,,,,,,,,,,,,,,,,,,,,,,,,,,,,,,,
2210-951730,21,9.5,3,,,,,3,,,,,,,,,,,,,,,,,,,,,,,,,,,,,,,,,,,,,,,,,,,,,,,,,,,,,,,,,,,,,,,,,,,
2210-951735,21,9.5,3,,5,,,2,,,,,,,,,,,,,,,,,,,,,,,,,,,,,,,,,,,,,,,,,,,,,,,,,,,,,,,,,,,,,,,,,,,
2212-101804,22,10,2.5,,,,,,4,,,6,,,,,,,4,,,,,10,,,,,10,1,,,,,,,,,,,,,,,,,,,,,,,,,,,,,,,,,,,,,,,,,,,,,
2212-101807,22,10,2.5,,,,,,,,,,,,,,,,,,,,,,,,,,,,,,,,,,,,,,,,,,,,,,,,,,1,,,,,,,,,,,,,,,,,,4,,,,
2212-851304,17,8.5,2.5,,,,,,,,,,,,,,,,5,,,,,,,,,,,,,,,1,,,,,,,,,,,,,,,,,,,2,,,,,,,,2,,,,,,,,,,,,,,
2212-851307,17,8.5,2.5,,,,,,,,,,,,,,,,,,,,,2,,,,,,,,,,,,,,,,,,,,,,,,,,,,,,,,,,,,,,,,,,,,,,,4,,,,
2213-060901,13,6,2.75,,,,,,,,,,,,,,,1,,,,,,,,1,,,,,,,,,,,,,,,,,,,,,,,,,,,,,,,,,,,,,,,,,,,,,,,,,
2213-080901,13,8,2.75,,,,,,,,,,,,,,,,,,,,1,,,,,,,,,,,,,,,,,,,,,,,,,,,,,,,,,,,,,,,,,,,,,,,,,,,,
2213-081201,16,8,2.75,,,,,,,,,,,,,,,,,,,,,,,,,,,,,,,,,,,,,,,7,,,,,,,,,,,,,,,,,,,,,,,,,,,,,,,,,
2213-091301,17,9,2.75,,,,,,,,,,,,,,,,,,,,5,,,,,1,,,,,,,,,,,,,,,,,,,,,,,1,,,,,,,,,,,,,,,,,,,,,,,,
2213-101501,19,10,2.75,,,,,,,,,,,,,,,,,,,,,,,,,,,,,,,,,,,,,,,,,,,,,,,,,,,,,,,,,,,,,,,1,,,,,,,,,
2213-141501,19,14,2.75,,,,,,,,,,,,,,,,,,,,,1,,,,,,,,,,,,,,,,,,,,,,,,,,,,,,,,,,,,,,,,,,,,,,,,,,,
2213-152301,27,15,2.75,,,,,,,,,,,,,,,,,,,,,,,,,,,,,,,,,,,,,,,,,,,,,,,,,,,1,,,,,,,,,,,,,,,,,,,,,
2214-040504,9,4,2.25,,,,,,,,,,,,,,,,4,1,,,,,,,,,,,,,,,,,,,,,,,,,,,,,,,1,,,,,,,,,,,,1,,,,,,,,,,,,
2214-040625,9,4,2.25,,,,,,,,,,,,,,,,,,,,,,,,,,,,,,,,,,,,,,,,,,,,,,,,,,,,,,,,,,,,,,,3,,,,,,,,,
2214-040630,9,4,2.25,,,,,,,,,,,,,,,,,,,,,,,,,,,,,,,,,,,,,,,,,,3,,,,,,,,,,,,,,,,,,,,,,,,,,,,,,
2214-071004,14,7,2.25,,,,,,,,,,,,1,,,,,,,,,,,,,,,,,,,,,,,,,,,,,,,,,,,,,,,,,,,,,,,,,,,,,,,,,,,,
2214-081204,16,8,2.25,,,,,,,,,,,,,,,,,,,1,,,,,,,,,,,,,,,,,,,,,,,,,,,,,,,,,,,,,,,,,,,,,,,,,,,,,
2214-091304,17,9,2.25,,,,,,,,,,,,,,,,,,,,,,,,,,,,,,,,,,,,,,,,,,,1,,,,,,,,,,,,,,,,,,,,,,,,,,,,,
2214-101504,19,10,2.25,,,,,,,,,,,,,,,,,10,,,,,,,,,,10,,,,,,,,,,,,,1,1,,1,,10,,10,,,,,,,,,,,,,,,,,,,,,,,,,
2214-101520,19,10,2.25,,,,,,,,,,,,,5,,,,,,,,,,,,,,,,,,,,,,,1,,,,,,,,,,,,,,,,,,,,,,,,,,,,,,,,,,,,
2214-101545,19,10,2.25,,,,,,,,,,,,,,,,,,,,,,,,,,,,,,,,,,,,,,,,,,,,,,,,,,,,,,,,,,,,,,,,,,,,,,,,2
2214-101550,19,10,2.25,,,,,,,,,,,,,,,,,,,,,,,,,,,,,1,,,,,,,,,,,,,,,,,,,,,,,,,,,,,,,,,,,,,,,,,,,
2214-131904,23,13,2.25,,,,,,,,,,,,,,,,,,,,,,,,,,,,,,,,,,,,,,,,3,,,,,,,,,,,,,,,,,,,,,,,,,,,,,,,,
2214-152204,26,15,2.25,,,,,,,,,,,,,,,,,10,,,,,,,,,,,,,,,,,,,,,,,,,,,,,,,,,,,,,,,,,,,,,,,,,,,,,,,
2214-162404,28,16,2.25,,,,,,,1,,,,,,,,,,10,,,,,,,,,,,,,,,,,,,,,,,3,,,,,,,,,,,,,,,,,,,,,,,,,,,,,,,,
2214-203004,32,20,2.25,,,,,,,,,,,,,,,,,,,,,,,,,,,,,,,,,,,,,,,,3,,,,,,,,,,,,,,,,,,,,,,,,,,,,,,,,
2215-650905,13,6.5,2.25,,,,,,,,,,,,3,,,,,,,,,,5,,,,,,,,,,,,,,,,,,,,,,,,,,,,,,,1,,,,,,,,,,9,,,,,,12,,1,
2215-650908,13,6.5,2.25,,,,,,,,,,,,,,,,,,,,,,,,,,,,,,,,,,,,,,,,,,,1,,,,,,,,,,,,,,,,,,,,,,,,,,,,,
2216-091301,17,9,3,,,,,,,,,,,,,,,,,,,,,,,,,1,,,,,,,,,,,,1,,,,,,,,,,,,,,2,,,,,,,,,,,,,,,,,,,,,
2216-101501,19,10,3,,,,,,,,,,,,,,,,,,,,1,,,,,,,,,,,,,,,5,1,,,,,,,,,,,,,,,,,,,,,,,,,,,,,,,1,,,,,
2216-122001,24,12,3,,,,,,,,,,,,,,,,,,,,,,,,,1,,,,,,,,,,,,,,,,,,,,,,,,,,2,,,,,,,,,,,,,,,,,,,,,
2216-142001,24,14,3,,,,,,,,,,,,,,,,,,,,,,,,,1,,,,,,,,,,,,1,,,,,,,,,,,,,,,,,,,,,,,,,,,,,,,,,,,
2217-091460,18,9,4.5,,,,,,,,,,,,,,,,,,,,,,,,,,,,,5,,,,,,,,,,,,,,,,,,,,,,,,,,,,,,,,,,,,,,,,,,,
2217-122060,24,12,4.5,,,,,,10,,,,,,,,,,,,,,,,,,,,,,,,,,,,,,,,,,,,,,,,,,,,,,,,,,,,,,,,,,,,,,,,,,
2217-182660,28,18,4.5,,,,,,,,,,,,1,,,,,,,,,,,,,,,,,,,,,,,,,,,,,,,,,,,,,,,,,,,,,,,,,,,,,,,,,,,,
2218-060860,12,6,4.5,,,,,,,,,,1,,12,,,,,,,1,,,,,,,,,,,,,,,,,,,,,,,,,,,,,,,,,,,,1,,1,,,,,,,,,,,,2,,,1
2218-081160,15,8,4.5,,,,,,2,,,,,,26,,,,,,,22,,,,,,,,,,,,1,,,,,,,,,,,,2,,,,,,,,,,,,,2,,,,,,,,,,,,,,,,
2218-091460,18,9,4.5,,,,,,,,,,,,14,,,,,,,1,,,,,,,,,4,,,,,,,,,,,,,,,25,,,,,,1,,,,,,,3,,,,,2,,,,,,,,,,,
2218-101560,19,10,4.5,,,,,,,,,,,,3,,,,,,,,,,,,,,,,3,,,,,,,,,,,,,,,8,,,,,3,3,,,,,,,,,,,,,,,,,,,,,,,
2218-111860,22,11,4.5,,,,,,,,,,,,4,,,,,,,2,,,,,,,,,,,,,,,,,,,,,,,,,,,,,,,,,,,,,2,,,,,,,5,,,,,,4,,,
2218-132160,28,13,5,,,,,,,,,,,,6,,,,,,,2,,,,,,,,5,1,,,,,,,,,,,,,,,5,,,,,2,3,,,,,,,1,,,,,,,1,,,,,,8,,,
2218-152460,29,15,6,,,,,,,,,1,,,,,,,,,,,,,,,,,,,4,,,,,,,,,,,,,,,,,,,,,1,,,,,,,,,,,,,,6,,,,,,1,,,
2218-183060,35,18,6,,,,,,,,,,,,,,,,,,,1,,,,,,,,,,,,,,,,,,,,,,,,,,,,,,,,,,,,,,,,,,,,,,,,,,,,,
2219-101511,19,10,2.25,,,,,,,,,,,5,,,,,,,,,,,,,,,,,,,,,,,,,,,,,,,,,,,,,2,,,,,,,,,,,,,,,,,,,,,,,,
2219-101516,19,10,2.25,,,,,,,,,,,,,5,,,,,,,,,,,,,,,,,,,,,,,,,,,,,,,,,,,,,,,,,,,,,,,,,,,,,,,,,5,,
2219-122011,24,12,2.25,,,,,,,,,,,,,,1,,,,,,,,,,1,,,,,,,,,,,,,,,,,,,,,,,,,2,,,,2,,,,,,,,,,,,,,,,,,,
2219-142011,24,14,2.25,,,,,,,,,,,,1,,,,,,,1,,,,,,,,,,,,,,,,,,,,,,,,,,,,,,,,,,,,,,,,,,,,,,,,,,,,,
2219-951616,20,9.5,2.25,,,,2,,,,,,,,,,,,,,,,,1,,,,,,1,,,,,,,,,,,,,,,,,,,,,,,,,,,,,,,,,,,,,,,,,,,,,
2220-070907,14,8,5,,,,,,,,,,,,,,,,,,,,,,,,,,,,,,,1,,,,,,,,,,,,,,,,,,,,,,,,,,,,,,,,,,,,,,,,,
2220-091304,19,10,5,,,,,,3,,,,,,,,,,,,,,,,,,,,,,,,,,,,,,,,,,,,,,,,,,,,,,,,,,,,,,,,,,,,,,,,,,
2220-131804,26,14,5,,,,,,,,,,,,,,,,,,,,,,,,,,,,,,,1,,,,,,,,,,,,,,,,,,,,,,,,,,,,,,,,,,,,,,,,,
2220-131807,26,14,5,,,,,,,,,,,,,,,,,,,,,,,,,,,,,,,1,,,,,,,,,,,,,,,,,,,,,,,,,,,,,,,,,,,,,,,,,
2221-071025,14,7,3.5,,,,,,,,,,,1,,,,,,,,,,,,,,,,,,,,,,,,,,,,,,,,,,,,,1,,,,,,,,,,,,,,,,,,,,,1,,,
2221-071035,14,7,3.5,,5,,,,,,,,,,,,,,,,,,,,,,,,,,,,,,,,,,,,,,,,,,,,,,,,,,,,,,,,,,,,,,,,,,,,,,
2221-081225,16,8,3.5,,,1,,1,,,,,,1,,,,,,,,2,,,,,,,,,,,,,,,,,,,,,,,,,,,,,,,,,,,,,,,,,,,,,,,,,,,,,
2221-081230,16,8,3.5,,,,,,,,,,,,,,,,,,,1,,,,,,,,,,,1,,,,,,,,,,,,,,,,,,,,,,,,,,,,,,,,,,,,,,,,,,
2221-081250,8,17,4,,,,,,,,,,,,,,,,,,,,,,,,,,,,,,1,,,,,,,,,,,,,,,,,,,,,,,,,,,,,,,,,,,,,,,,,,
2221-101507,19,10,3.5,,,,,,,,,,,,,,,,,,,,,,,1,,,,,,,,,,1,,,,,,,,,,,,,,,,,,,,,,,,,,,,,,,,,,25,,,,,
2221-101510,19,10,3.5,,,,,,,,,,,,,,,,,,,,,,,,,,,,,,,,,,,,,,,,,,,,,2,,,,,,,,,,,,,,,,,,,,,,,,,,,
2221-101525,19,10,3.5,,,,,,,,,,,,,,,,,,,2,,,,,,,,,,,,,,,,,,,,,,,,,,,,,,,,,,,,,,,,,,,,,,,,,,,,,
2221-101530,19,10,3.5,,,,,,,2,,,,,,,,,,,,1,,,,,,,,,,,,,,,,,,,,,,,,,,,,,,,,,,,,,,,,,,,,,,,,,,,,,
2221-121810,22,12,3.5,,,,,,,,,,,,,,,,,,,,,,,,,,,,,,1,,,,,,,,1,,,,,,,,,,,,,,,,,,,,,,,,,,,,,,,,,,
2221-121825,22,12,3.5,2,,,,,,,,,,,,1,,,,,,,,,,,,,,,,,,,,,,,,,,,,,,,,,,,,,,,,,,,,,,,,,,,,,,,,,,,
2221-121830,22,12,3.5,2,,,,,,,,,,,,,,,,,,,,1,,,,,,,,,,,,,,,,,,,,,,,,,,,,,,,,,,,,,,,,,,,,,,,,,,,
2221-152210,29,15,5,,,,,,,,,1,,,,,,,,,,,,,,,,,,,,,,,,,,,1,,,,,,,,,,,,,,,,,,,,,,,,,,,,,,,,,,,,
2221-152230,29,15,5,,,,,,,,,,,,,,,,,,,,1,,,,,,,,,,,,,,,,,,,,,,,,,,,,,,,,,,,,,,,,,,,,,,,,,,,,
2222-071031,14,7,3.5,,,,,,,,,,,,,,,,,,,,,,,,,,,,,,,,,,,,,,,,,,,,,,,,,,,,,,,,,,,,,,,,,,,,,,,,1
2222-071036,14,7,3.5,,,,,,,,,,,,,,,,,,,,,,,,,,,,,,,,,,,,,,,,,,,,,,,,,,,,,,,,,,,,,,,,,,,,,,,,1
2222-081251,16,8,3.5,,,,,,,,,,,,,,,,,,,,,,,,,,,,,,2,,,,,,,,,,,,,,,,,,,,,,,,,,,,,,,,,,,,,,,,,,
2222-101531,19,10,3.5,,,,,,,,,,,,,,,,,,,,,1,,,1,,,,,1,,,,,,,,,,,,,,,,,,,,,,,,,,,,,,,,,,,,,,,,,,,
2222-121836,22,12,3.5,2,,,,,,,,,,,,,,,,,,,,,,,,,,,,,,,,,,,1,,,,,,,,,,,,,,,,,,,,,,,,,,,,,,,,,,,,
2223-091604,20,9,3.5,,,,,,,,,,,,,,,,6,,,,,,,,,,,,,,,,,,,,,,,,,,,,,,,,1,,,,,,,,,,,,,,,,,,,,,,,,
2224-101508,19,10,3.5,,,,,,,,,,,,,,,,,,,,,,,,,,,,,,,,,,,,,,1,,,,,,,,,,,,,,,,,,,,,,,,,,,,,,,,,,
2224-751208,16,7.5,3.5,,,,,,,,,,,,,,,,,,,,,,,,,,,,,,,,,,,,,,1,,,,,,,,,,,,,,,,,,,,,,,,,,,,,,,,,,
2225-071005,14,7,3.5,,,,,,1,,,,,,,,,,,,,,,,,,,,,,,,,,,,,,,,,,,,,,,,,,,,,,,,4,,,,,,20,,,,,,,,,,,,
2225-071011,14,7,3.5,,,,,,,,,,,,,,,,,,,,,,,,,,,,,,,,,,,,,,,,,,,,,,,,,,,,,,,,,,,,20,,,,,,,,,,,,
2225-071016,14,7,3.5,,,,,,,,,,,,,,,,,,,,,,,,,,,,,,,,,,,,,,,,,,,,,,,,,,,,,,,,,,,,20,,,,,,,,,,,,
2225-071026,14,7,3.5,,,,,,,,,,,,,,,,,,,,,,,,,,,,,,,,,,,,,,,,,,,,,,,,,,,,,,,,,,,,20,,,,,,,,,,,,
2225-071031,14,7,3.5,,,,,,,,,,,,,,,,,,,,,,,,,,,,,,,,,,,,,,,,,,,,,,,,,,,,,,,,,,,,20,,,,,,,,,,,,
2225-071036,14,7,3.5,,,,,,,,,,,,,,,,,,,,,,,,,,,,,,,,,,,,,,,,,,,,,,,,,,,,,,,,,,,,20,,,,,,,,,,,,
2225-081205,16,8,3.5,,,,,,,,,,,,,,,,1,,,,,,,,,,,,,,,,,,,,,,,,,,,,,,,,,,,,,,,,,,,,,,,,,,,,,,,,
2225-081211,16,8,3.5,,,,,,,,,,,,,,,,,,,,,,,,,,,,,,,,,,,,,,,,,,,,,,,,,,,,,,,,,,,,,,,,,,2,,,,,,
2225-081231,16,8,3.5,,,,,,,,,,,,,,,,,,,,,,,,,,,,,,,,,,1,,,,,,,,,,,,,,,,,,,,,,,,,,,,,,,,,,,,,,
2225-101505,19,10,3.5,,,,,,1,,,,,,,,,,,,,,,,,,,,,,,,,,,,,,,,,,,,,,,,,,,,,,,,,,,,,,,,,,,,,,,,,,
2225-101511,19,10,3.5,,,,,,,,,,,,,1,,,,,,,,,,,,,,,,,,,,,,,,,,,,,,,,,,1,,,,,,,,,,,,,,,,,,,,,,,,,
2225-101531,19,10,3.5,,,,,,,,,,,,,,,,,,,,,,,,,,,,,,,,,,1,,,,,,,,,,,,,,,,,,,,,,,,,,,,,,,,,,,,,,
2225-101536,19,10,3.5,,,,,,,,,,,,,1,,,,,,,,,,,,,,,,,,,,,,,,,,,,,,,,,,,,,,,,,,,,,,,,,,,,,,,,,,,
2225-121805,22,12,3.5,,,,,,,,,,,,,,,,,,,,,,,,,,,,,,,,,,,,,,,,,,,,,,,,2,,,,,,,,,,,,,,,,,,,,,,,,
2225-121811,22,12,3.5,,,,,,,,,,,,,,,,,,,,,,,,,,,1,,,,,,,,,,,,,,,,,,,,,2,,,,,,,,,,,,,,,,,,,,,,,,
2225-121816,22,12,3.5,,,,,,,,,,,,,,,,,,,,,,1,,,,,,,,,,,,,,,,,,,,,,,,,,,,,,,,,,,,,,,,,,,,,,,,,,
2225-121826,22,12,3.5,,,,,,,,,,,,,,,,,,,,,,,,,,,,,,,,,,1,,,,,,,,,,,,,,2,,,,,,,,,,,,,,,,,,,,,,,,
2225-121836,22,12,3.5,,,,,,,,,,,,,,,,,,,,,,,,,,,,,,,,,,,,,,,,,,,,,,,,10,,,,,,,,,,,,,,,,,,,,,,,,
2226-071008,14,7,2.5,,,,,,,,,,,,,,,,,,,,,,,,,,,,,,,,,,,,,,,,,,,,,,,,,,,,,,,,,,1,,,,,,,,,,,,,,
2226-081209,16,8,2.5,,,,,,,,,,,,,,,,,,,,,,,,,,,,,,,,,,,,,,,,,,,,,,,,,,,,,,,,,,,,,,,,,,1,,,,,,
2228-101516,19,10,2.5,,,,,1,,,,,,,,,,,,,,,,,,,,,,,,,,,,,,,,,,,,,,,,,,,,,,,,,,,,,,,,,,,,,,,,,,,
2228-851316,18,9,5,,,,,1,,,,,,,,,,,,,,,,,,,,,,,,,,,,,,,,,,,,,,,,,,,,,,,,,,,,,,,,,,,,,,,,,,,
2229-131905,22,13,5,,,,,,,,,,,,,,,,,,,,,,,,,,,,,,,,,,,,,,,,,,,,,,,,,,,,,,,,,,,,,,,25,,,,,,,,,
2230-101504,21,10,3,,,,,,,,,,1,,,5,1,,,,,,,,,,,,,,1,,,,,,,1,,,,,1,,,,,,,,,5,,,,,,,1,,,,,,,,,,,,,,,,
2230-131804,23,13,3,,,,,,,,,,1,,1,,,,,,,,,,,,,,,,,1,,,,,,,,,,,,,,,,,,,,,1,,2,,,,,,,,,,,,,,,10,,,,,2
2230-131810,23,13,2,,,,,,,,,,,1,,,,,,,,,,,,,,,,,,,,,,,,,,,,,,,,,,,,,,,,,,,,,,,,,,,,,,,,,,,,,
2230-751304,17,8,4,,,,,,,,,,,,,,,,,,,6,,,,,,,,,,,,,,,,,,,,,,,,,,,,,,,1,,1,,,,,,,,,,,,,,2,,,,,,
2230-751307,17,8,4,,,,,,,,,,,,,,,,,,,,,,,,,,,,,,,,,,1,,,,,,,,,,,,,,,,,,,,,,,,,,,,,,,,,,,,,,
2230-751310,17,8,4,,,,,,,,,,,,,,,,,,,,,,,,,,,,,,,,,,,,,,,,,,,,,,,,,,,,,1,1,,,,,,,,,,,,,,,,,,
2230-751319,17,8,4,,10,,,,,,,,,,,,,,,,,,,,,,,,,,,,,,,,,,,,,,,,,,,,,,,,,,,,,,,,,,,,,,,,,,,,,,
2231-122060,25,12,5,,,,2,,,,,,,,,,,,,,,,,,,,,,,,,,,,,,,,,,,,,,,,,,,,,,,,,,,,,,,,,,,,,,,,,,,,
2232-112100,26,12,4,,,,,,,,,,,,,,,,,,,,,,,,,,,,,,,,,,,,,,,,,,,,,,,,,,,,,,4,,,,,,,,,,,,,,,,,,
2237-091207,18,9,4,,,,,,,,,,,,,,,,,,,,,,,,,,,,,,,,,,,5,,,,,,,,,,,,,,,,,,,,,,,,,,,,,,,,,,,,,
2238-101576,21,11,4,,,,,,,,,,,,,,,,,,,,,,,,,,,,,,,,,,,,,,,,,,,,,,,,,,,,,,,,,,,,,,,,,,,,1,,,,
2238-122076,25,13,4,,,,,,,,,,,,,,,,,,,,,,,,,,,,,,,,,,,,,,,,,,,,,,,,,,,,,,,,,,,,,,,,,,,,1,,,,
2240-081171,16,8,4,,,,,,,,,,,,,,,,,,,,,,,,,,,1,,,,,,,,,,,,,,,,,,,,,,,,,,,,,,,,,,,,,,,,,,,,,
2241-101531,19,10,5,,,,,,,,,,1,,,,,,,,,,,,,,,,,,,,,,,,,,,,,,,,,,,,,,,,,,,,,,,,,,,,,,,,,,,,,,
2242-101540,20,10,3,,,,,,,,,,,,,,,,,,,,,,,,,,,,,,,,,,,,,,,,,,,,,,,,,1,,,,,,,,,,,,,2,,,,,,,,,,
2243-111621,21,11,1.5,,,,,,,,,,,,,,,,,,,,,,,,,,,,,,,,,,,,,,,,,,,,,,,,,,,,,,,,,,,,,,,,,,,1,,,,,
2243-111651,21,11,3,,,,,,,,,,,,,,,,,,,,,,,,,,,,,,,,,,,,,,,,,,,,,,,,,,,,,,4,,,,,,,,,,,,,,,,,,
2247-071025,15,7,5,,,,,,,,,,,,,,,,,,,,,,,,,,,,,,,,,,,,,,,,,,,,,,,,,,,,,1,,,,,,,,,,,,,,,,,,,
2247-101507,18,10,7,,,,,,,,,,,,,,,,,,,,,,,,,,,,,,,,,,,,,,1,,,,,,,,,,,,,,,,,,,,,,,,,,,,,,,,,,
2248-061004,13,6,4,,,,,,,,,1,,,,,,,,,,,,,,,,,,,,,,,,,,,,,,,,,,,,,,,,,,,,,,,,,,,,,,,,,,,,,,,
2248-061025,13,6,4,,,,,,,,,,,,,,,,,,,,,,,,,,,,,,,,,,,,,,,,,,,,2,,,,,,,,,,,,,,,,,,,,,,,,,,,,
2248-061040,13,6,4,,,,,,,,,,,,,,,,,,,,1,,,,,,,,,,,,,,,,,,,,,,,,,,,,,,,,,,,,,,,,,,,,,,,,,,,,
2248-071004,13,7,4,,,,,,,,,,,,,,,,,,,,,,,,,,,,,,,,,,,,,,,,,,,,,,,,,,,,,1,,,,,,,,,,,,,,,,1,,,
2248-071010,13,7,4,1,,,,,,,,,,,,,,,,,,,,,,,,,,,,,,,,,,,,,,,,,,,,,,,,,,,,,,,,,,,,,,,,,,,,,,,
2248-071040,13,7,4,1,,,,,,,,,,,,,,,,,,,,,,,,,,,,,,,,,,,,,,,,,,,,,,,,,,,,,,,,,,,,,,,,,,,,,,,
2248-081304,15,8,4,,,,,,,,,,1,,,1,,,,,,,,,,,,,,,,,,,,,,,,,,,,,,,,,,,,,3,,,,,,,,,,,,,,,,,,,,,,
2248-081310,15,8,4,,,,,,,,,,,,,,,,,,,,,1,,,,,,,,,,,,,,,,,,,,,,,,,,,,,,,,,,,,,,,,,,,,,,,,,,,
2248-081320,15,8,4,,,,,,,,,,,,,,,,,,,,,1,,,,,,,,1,,,,,,,,,,,,,,,,,,,,,,,,,,,,,,,,,,,,,,,,,,,
2248-081325,15,8,4,,,,,,1,,,,,,,,,,,,,,,,,,,,,,,,,,,,,,,,,,,,,,,,,,,,,,,,,,,,,,,,,,,,,,,,,,
2248-081330,15,8,4,,,,,,1,,,,,,,,,,,,,,,,,,,,,,,,,,,,,,,,,,,,,,,,,,,,,,,,,,,,,,,,,,,,,,,,,,
2248-081340,15,8,4,,,,,,,,,,,,,,,,,,,,1,,,,,,,,,,,,,,,,,,,,,,,,,,,,,,,,,,,,,,,,,,,,,,,,,,,,
2248-101520,18,10,4,,,,,,,1,,,,,,,,,,,,,,,,,,,,,,1,,,,,,,,,,,,,,,,,,,,,,,,,,,,,,,,,,,,,,,,,,,
2248-101540,18,10,4,,,,,,,,,,,,,,,,,,,,,,,,,,,,,,,,,,,,,,,,,,,,,,,,,,,,,,,,,,,,,,,,,,,,,,,2,
2248-122020,22,12,4,,,,,,,,,,,,,,,,,,,,,,,,,,,,,,,,,,,,,,,,,,,,,,,,,,,,,,,,,,,,,,,,,,5,,,,,,
2248-122025,22,12,4,,,,,1,,,,,,,,,,,,,,,,,,,,,,,,,,,,,,,,,,,,,,,,,,,,,,,,,,,,,,,,,,,,,,,,,,,
2248-142004,24,14,4,,,,,,,,,,5,,,,,,,,3,,,,,,,,,,,,,,,,,,,,,,,,,,,,,,,,,,,,,,,,,,,,,,,,,,,,,,
2248-142020,24,14,4,,,,,,,,,,,,,,,,,,,,,,,,1,,,,,,,,,,,,,,,,,,,,,,,,,,,,,,,,,,,,,,,,,,,,,,,,
2248-142025,24,14,4,,,,,1,,,,,,,,,,,,,,,,,,,,,,,,,,,,,,,,,,,,,,,,,,,,,,,,,,,,,,,,,,,,,,,,,,,
2248-162404,26,16,2,,1,,,,,,,,,,,,,4,,,1,,,,,,,,,,,,,,,,,,,,,,,,,,,1,,,,,,,,,,,,,,,,,,,,,,,,,,,
2248-182604,29,18,4,,,,,,,,,,,,,,,,,,,,,,,,,,,,,,,,,,,,,,,,,,,,,,,,,,,,,1,,,,,,,,,,,,,,,,,,,
2248-182625,29,18,4,,,,,,,,,,,,,,,1,,,,,,,,,,,,,,,,,,,,,,,,,,,,,,,,,,,,,,,,,,,,,,,,,,,,,,,,,
2249-071016,12,7,5,,,,,,,,,,,,,,,,,,,,,,,,,,,,,,,,,,,,,,,,,,,,,,,,,,,4,,,,,,,,2,,,,,,,,,,,,,
2249-101816,20,18,5,,,,,,,,,,,,,,,,,,,,,,,,,,,,,,,,,,,,,,,,,,,,,,,,,,,,,,,,,,,,,,2,,,,,,,,,,1
2249-142016,24,20,5,,,,,,,,,,,,,,,,,,,,,,,,,,,,,,,,,,,,,1,,,,,,,,,,,,,,,,,,,,,,,,,,,,,,,,,1,,
2249-203016,35,20,5,,,,,,,,,,,,,,,,,,,,,,,,,,,,,,,,,1,,,,,,,,,,,,,,,,,,,,,,,,,,,,,,,,,,,,,,,
2250-071008,12,1,5,,,,,,,,,,,,,,,,,,,,,,,,,,,,,,,,,,,,,,,1,,,,,2,,,,,,,,,,,,,,,,,,,,,,,,,,,,
2250-081208,14,1,5,,,,,,,,,,,,,,,,,,,,,,,,,,,,,,,,,,,,,,,,,,,,,,,,,,,,,,2,,,,,,,,,,,,,,,,,,
2250-101508,16,10,5,,,,,,,,,,,,,,,,,,,,,,,,,,,,,,,,,,,,,,,,,,,,,,,,,,,,,,2,,,,,,,,,,,,,,,,,,
2250-152008,22,15,5,,,,,,,,,,,,,,,,,,,,,,,,1,,,,,,,,,,,,,,,,,,,,,,,,,,,,,,,,,,,,,,,,,,,,,,,,
2251-071036,14,8,5,,,,,,,,,,,,,,,,,,,,,,,,,,,,,,,,,,,,,,,,,,,,,,,,,,,,,,,,,,,,,1,,,,1,,,,,,,
2251-071046,14,8,5,,,,,,,,,,,,,,,,,,,1,,,,,,,,,,,,,,,,,,,,,,,,,,,,,,,,,,,,,,,,,,,,,,,,,,,,,1
2251-071051,14,8,5,,,,,,,,,,,,,,,,,,,,,,,,,,,,,,,,,,,,,,,,,,,,,,,,,,,4,,,,,,,,,,1,,,,1,,,,,,,
2251-081236,16,9,5,,,,,,,,,,,,,,,,,,,,,,,,,,,,,,1,,,1,,,,,,,,,,,,,,,,,,,,,,,,,,,,,,,,,,,,,,,
2251-081246,16,9,5,,,,,,,,,,,,,,,,,,,,,,,,,,,,,,2,,,,,,,,,,,,1,,,,,,,,,,,,,,,,,,,,,,,,,,,,,,
2251-081251,16,9,5,,,,,,,,,,,,,,,,,,,,,,,,,,,,,,,,,1,,,,,,,,,,,,,,,,,,,,,,,,,,,,,,,,,,,,,,,
2251-101536,21,11,5,,,,,,,,,1,,,,,,,,,,,,,,,,,,,,,1,,,,,,,,,,,,,,,,,,,,,,,,,,,,,,,,,,,,,,,,,,
2251-101546,21,11,5,,,,,,,,,,,,,,,,,,,,,,,,,,,,,,,,,,,,,,,,,,,,,,,,,,,,,,,,,,,,,,,,,,,,,1,,,
2251-101551,21,11,5,,,,,,,,,2,,,,,,,,,,,,,,,,,,,,,,,,,,,,,,,,,,,,,,,,,,,,,,,,,,,,,,,,2,,,,,,,
2251-121846,25,13,5,,,,,,,,,,,,,,,,,,,,,,,,,,,,,,,,,,,,2,,,,,,,,,,,,,,,,,,,12,,,,,,,,,,,,,,,,,
2251-121851,25,13,5,,,,,,,,,,,,,,,,,,,,,,,,,,,,,,,,,,,,,,,,,,,,,,,,,,,,,,,2,,,,,,,,,,1,,,,,,,
2251-152236,28,16,4,,1,,,,,,,,,,,,,,,,,,,,,,,,,,,,,,,,,,,,,,,,,,,,,,,,,,,,,,,,,,,,,,,,,,,,,,
2252-060805,13,7,4,,,,,,,,,,,,,,,,,,,,,,,,,,,,,,,,,,,,,,,,,,,,,,,,,,,,4,,,,,,,,,,,,,,,,,,,,
2252-060831,13,7,4,,,,,,,,,,,,,,,1,,,,,,,,,,,,,,,,,,,,,,,,,,,,,,,,,,,,,,,,,,,,,,,,,,,,,,,,,
2253-081000,15,9,5,,,,,,,,,,,,,,,,,,,,,,,,,,,,,,,1,,,,,,,,,,,,,,,,,,,,,,,,,,,,,,,,,,,,,,,,,
2253-081008,15,9,5,,,,,,,,,,,,,,,,,,,,,,,,,,,,,,,,,,,,,,,,,,,,,2,,,,,,,,,,,,,,,,,,,,,,,,,,,
2254-062700,31,21,3,,,,,,,,,,,,,,,,,,,,,,,,,,,,,,,,,,,,,,,,,,,,,,,,,,,,4,,,,,,,,,,,,,,,,,,,,
2254-062708,31,21,3,,,,,,,,,,,,,,,,,,,,,,,,,,,,1,,,,,,,,,,,,,,,,,,,,,,,,,,,,,,,,,,,,,,,,,,,,
2254-101502,21,12,5,,,,,,,,,,,,,,,,,,,,,,,,,,,,,,,,,,,,,,,,,,,,,,,,,,,,,,,,,,,,,,,,,,,,,,,4,
2254-132300,27,14,4,,1,,,,,,,,,,,,,,,,,,,,,,,,,,,,,,,,,,,,,,,,,,,,,,,,,,4,,,,,,,,,,,,,,,,,,,,
2254-162400,30,19,4,,,,,,,,,,,,,,,,,,,,,,,,,,,,,,,,,,,,,,,,,,,,,,,,,,,,,,,,,,,,,,,,4,,,,,,,,
2254-550900,18,13,2,,,,,,,,2,,,,,,,,,,,,,,,,,,,,,,,,,,,,,,,,,,,,,,,2,,,,,,,,,,,,,,,,4,,,,,,,,,
2254-550901,18,13,2,,,,,,,,,,,,,,,,,,,,,,,,,,,,,,,,,,,,,,,,,,2,,,,,,,,,,,,,,,,,,,,,,,,,,,,,,
2254-550902,18,13,2,,,,,,,,2,,,,,,,,,,,,,,,,,,,,,,,,,,,,,,,,,,,,,,,,,,,,,,,,,,,,,,,,,,,,,,,,
2254-550908,18,13,2,,,,,,,,,,,,,,,,,,,,,2,,,,,,,,,,,,,,,,,,,,,,,,,,,,,,,,,,,,,,,,,,,,,,,4,,,,
2254-551500,20,14,3,,,,,,,,,,,,,,,,,,,,,,,,,,,,,,,,,,,,,,,,,,,,,,,,,,,,,,,,,,,,,,,,,,,,,,,,2
2254-552200,25,13,4,,,,,,,,,,,,,,,,,,,,,,,,,,,,,,,,,,,,,,,,,,,,,,,,,,,,4,,,,,,,,,4,,,,,,,,,,,
2254-552201,25,13,4,,,,,,,,2,,,,,,,,,,,,,,,,,,,,,,,,,,,,,,,,,,,,,,,,,,,,,,,,,,,,,,,,,,,,,,,,
2254-552208,25,13,4,,,,,,,,,,,,,,,,,,,,,,,2,,,,,,,,,,,,,,,,,,,,,,,,,,,,,,,,,,,,,,,,,,,,,,,,,
2254-851300,20,9,5,,,,,,,,,2,,,,,,,,,,,,,,,,,,,,,,,,,,,,,,,,,,,,,,,,,,,,,,,,,,,,,,,4,,,,,,,,
2254-851308,20,9,5,,,,,,,,,,,,,,,,,,,,,,,,,,,,,,,,,,,,,,,,,,,2,,,,,,,,,,,,,,4,,,,,,,,,,,,,,,
2255-062705,30,21,4,,,,,,,,,,,,,,,,,,1,,,,,,,,,,,,,,,,,,,,,,,,,,,,,,,,,,,,,,,,5,,,,,,,,,,,,,,
2255-552226,25,15,4,,,,,,,,,,,,,,,,,,,,,,,,,,,,,,,,,,,,,,,,,,,,,,,,,,,,,,,,,,,,,,,,,,,,,1,,,
2256-101576,23,11,4,,,,,,,,,,,,,,,,,,,,,,,,,,,,,,,,,,,,,,1,,,,,,,,,,,1,,,,,,,,,,,,,,,,,,,,,1,,
2256-121876,25,13,5,,,,,,,,,,,,,,,,,,,,,,,,,,,,,,,,,,,,2,,,,,,,,,,,,,,,,,,,,,,,,,,,,,,,,,,,,
2256-751076,15,8,4,,,,,,,,,1,,,,1,,2,,,,,2,,,10,,,,,,,,,,,,,,,,,,,,,,10,,,,,,,,,,,,,,,,,,,,,,,,,,,
2257-071576,21,14,3,,,,,,,,,,,,,,,,,,,,,1,,,,,,,,,,,,,,,,,,,,,,1,,,,,,,,,,,,,,,,,,,,,,,,,,,,,
2257-101576,20,10,4,,,,,,,,,,,,,,,,,,,,,,,,,,,,,,,,,,,,,,,,,,,,,,,,,,,,,,,,,,,,,,,,,,,,,,,1,
2257-121876,24,12,4,,,,,,,,,,,,,,,,,,,,,,,,,,,,,,,,,,,,,,,,,,,,,,,,,,,,,,,,,,,,,,,,,,,,,,,,5
2257-751076,16,8,4,,,,,,,,,,,,,,,,,,,,,,,,,,,,,,,,,,,,,,,,,,,1,,,,,,,,,,,,,,,,,,,,,,,,,,,,,
2257-851376,19,9,4,,,,,,,5,,,,,,,,,,,,,,,,,,,,,,,,,,,,1,,,,,,,,,,,,,,,,,,,,,,,,,,,,,,,,,,,,,
2258-071004,14,7,4,,,,,,,,,,,,,,,,,,,,,,,,,,,,,,,,,,,,,,,,,,,,,,,,,,,,,,,,1,,,,,,,,,,,,,,,,
2259-071056,14,7,5,,,,,,,,,,,,,,,,,,1,,,,,,,,,,,,,,,,,,,,,,,,,,,,,,,,,,,,,,,,,,,,,,,,,,,,,,
2259-071099,14,7,5,,,,,,,,,,,,,,,,,,1,,,,,,,,,,,,,,,,,,,,,,,,,1,,,,,,,,,,,,,,,,,,,,,,,,,,,,,
2259-081256,16,8,4,,,,,,,,,,,,,,,,,,,,,,,,,,,,,,,,,,,,,,,1,,,,,,,,,,,,,,,,,,,,,,,,,,,,,,,,,
2259-081299,16,8,4,,,1,,,,,,,,,,,,,,,,,,,,,,,,,,,,,,,,,,,,,,,,,,,,,,,,,,,,,,,,,,,,,,,,,,,,,
2259-101599,20,10,5,,,,,,,,,,,,,,,,,,,,,,,,,,,,,,,,,,,,,,,,,,,1,,,,,,,,,,,,,,,,,,,,,,,,,,,,,
2259-121899,24,12,5,,,,,,,,,,,,,,,,,,,,,,,,,,,,,,,,,,,,1,,2,,,,,,,,,,,,,,,,,,,,,,,,,,,,,,,,,,
2260-071005,15,7,4,,,,,,,,,,,,1,,,,,,,,,,,,,,,,,,,,,,,,,,,,,,,,,,,,,,,,,,,,,,,,,,,,,,,,,,,,
2260-162405,30,16,5,,,,,,,3,,,,,,,,,,,,,,,,,,,,,,,,,,,,,,,,,,,,,,,,,,,,,,,,,,,,,,,,,,,,,,,,,
2262-081207,16,8,5,,,,,,,,,,,,,,,,,,,,,,,,,1,,,,,,,,,,,,,,,,,,,,,,,,,,,,,,,,,,,,,,,,,,,,,,,
2264-060976,14,7,5,,,,,,1,,,,,,,,,,,,,,,,,,,,,,,,,,,,,,,4,,,,,,,,,,,,,,,2,,,,,,,,2,,,,,,,,,,,,
2264-751076,16,8,5,,,,,,,,,,,,,,,,,,,,,,,,,1,,,,,,,,,,,,,,,,,,,,,,,,,,,,,2,,,,,,,,,,,,,,,,,,
2266-071050,15,7,3,,,,,,,,,,,,,,,,,,,,,,,,,,,,,,,,,,,,1,,,,,,,,,,,,,,,,,,,,,,,,,,,,,,,,,,,,
2266-101530,20,10,5,,,,,,,,,,,,,,,,,,,,,,,,,,,,,,,,,,,,,,,,,,,,,,,,,,,,,,,,,,,,,,,,,,,,,1,,,
2266-101550,20,10,5,,,,,,,,,,,,,,,,,,,,1,,,,,,,,,,,,,,,,,,,,,,,,,,,,,,,,,,,,,,,,,,,,,,,,,,,,
2266-152225,18,15,5,,,,,,,,,,,,,,,,,,,,,,,,,,,,,,,,,,,,,,,,,,,,,1,,,,,,,,,,,,,,,,,,,,,,,,,,,
2266-152250,18,15,5,,,,,,,,,,,,,,,,,,,,1,,2,,,,,,,,,,,,,,,,,,,,,,,1,,,,,,,,,,,,,,,,,,,,,,,,,,,
2267-071005,15,7,4,,,,,,,,,,,,,,,,,,,,,,,,,1,,,,,,,,,,,,,1,,,,,,,,,,1,,,,,,,,,,,,,,,,,,,,,,,,
2267-071008,15,7,4,,,,,,,,,,,,,,,,,,,,,,,,,,,,,,,,,,,,,,,,,,,,,,,,,,,,,,,,,,,,,,,,,,,2,,,,,
2267-071031,15,7,4,,,,,,,,,,,,,,,,,,,,,,,,,,,,,,,,,,,,,,1,,,,,,,,,,,,,,,,,,,,,,,,,,,,,,,,,,
2267-071051,15,7,4,,,,,,,,,,,,,,,,,,,,,,,,,,,,,,,,,,1,,,,,,,,,,,,,,,,,,,,,,,,,,,,,,,,,,,,,,
2267-081305,17,8,4,,,,,,,1,,,,,,,,,,,,,,,,,,,,,,,,,,,,,,,,,,,,,,,,,,,,,,,,,,,,,,,,,,,,,,,,,
2267-081308,17,8,4,,,,,,,,,,,,,,,,,,,,,,,,,,,,,,,,,,,,,,,,,,,,,,,,,,,,,,,,,,,,,,,,,,,2,,,,,
2267-101505,20,10,4,,,,,,,,,,,,,,,,,,,,,,,,,,,,,,,,,,,,,,,,,,,1,,,,,,,2,,,,,,,,,,,,,,,,,,,,,,
2267-101531,20,10,4,,,,,,,,,,,,,,,,,,,,,,,,,,,,,,,,,,,,,1,,,,,,,,,,,,,,,,,,,,,,,,,,,,,,,,,,,
2267-101541,20,10,2,,,,,,,,,,,,,,,,,,,,,,,,,,,,,,,,,,,,,1,,,,,,,,,,,,,,,,,,,,,,,,,,,,,,,,,,,
2267-101551,20,10,4,,,,,,,,,,,,,,,,,,,,,,,,,,,,,,,,,,1,,,1,,,,,,,,,,,,,,,,,,,,,,,,,,,,,,,,,,,
2267-122005,25,12,4,,,,1,,,,,,,,,,,,,,,,,,,,,,,,,,,,,,,,,,,,,,,,,,,,,,,,,,,,,,,,,,,,,,,,,,,,
2267-122041,25,12,4,,,,,,,,,,,,,,,,,,,,,,,,,,,,,,,,,,,,,,,,,,,,,,,,,,,,,,,2,,,,,,,,,,,,,,,,,
2267-122051,25,12,4,,,,,,,,,,,,,,,,,,,,,,,,,,,,,,,,,,1,,,,,,,,,,,,,,,,,,,,,,,,,,,,,,,,,,,,,,
2267-142051,25,14,4,,,,,,,,,,,,,,,,,,,,,,,,,,,,,,,,,,,,,,,,,,,,,,,,,1,,,,,,,,,,,,,,,,,,,,,,,
2267-162405,29,16,4,,,,,,,,,,,,,,1,,,,,,,,,,,,,,,,,,,,,,,,,,,,,,,,,,1,,,,,,,,,,,,,,,,,,,,,,,,
2267-162431,29,16,4,,,,,,,,,,,,,,,,,,,,,,,,,,,,,,,,,,,,,,,,,,,,,,,,,,,,,,,,2,,,,,,,,,,,,,,,,
2267-162436,29,16,4,,,,,,,,,,,,,,,,,,,,,,,,,,,,,,,,,,,,,,,,,,,,,,,,,,,,,,,1,,,,,,,,,,,,,,,,,
2267-203005,33,20,4,,,,1,,,,,,,,,,,,,,,,,,,,,,,,,,,,,,,,,,,,,,,,,,,,,,,,,,,,,,,,,,,,,,,,,,,,
2270-091231,17,10,5,,,,,,,,,,,,,,,,,,,,,,,,,,,,,,,,,,,1,,,,,,,,,,,,,,,,,,,,,,,,,,,,,,,,,,,,,
2270-751031,16,8,4,,,,,,2,,,,,,,,,,,,,,,,,,,,2,,,,,,,,,,,,,,,,,,,,,,,,,,,,,,,,,,,,,,,,,,,,,,
2270-751041,16,8,4,,,,,,5,,,,,,,,,,,,,,,,,,,,,,,,,,,,,,,,,,,,,,,,,,,,,,,,,,,,,,,,,,,,,,,,,,
2274-071026,14,9,4,,,,,,,,,,,,,,,,,,,,,,,,,,,,,,,,,,,,,,,,,,,,,,,,,,,,,,,,,,,,,,,,,,,,,,,,1
2274-071051,14,9,4,,,,,,,,,,,,,,,,,,,,,,,,,,,,,,,,,,,,,,,,,,,,,,,,,,,,,,,,,,,,,,,,,,,,,,,,1
2274-101599,20,11,5,,,,,,,,,,,,,,,,,,,,,,,,,,,,,,1,,,,,,,,,,,,,,,,,,,,,,,,,,,,,,,,,,,,,,,,,,
2275-101001,17,11,4,,,,,,,,,1,,,,,,,,,,,,,,,,,,,,,,,,,,,,,,,,,,,,,,,,,,2,,,,,,,,,,,,,,,,,,,,,
2275-101002,17,11,4,,,,,,,,,,,,,,,,,,,,,,,,,,,,,,,,,,,,,,,,,,,,,,,,1,,,,,,,,,,,,,,,,,,,,,,,,
2275-101305,19,11,4,,,,,,,,,,,,,,,,,,,,,,,,,,,,,1,,,,,,,,,,,,,,,,,,,,,1,,,,,,,,,2,,,,,,,,,,1,,,
2275-101406,19,11,4,1,,1,,1,1,,,,,,,1,,,,1,,,,1,,,,,1,,,,,,,,,,,,,,,,,,,,,,,,,,,,,,,,,,,,,,,,,,,,,,
2275-121708,21,13,4,,,,,,,,1,,,,,,,,,,,,,,1,,,,,,,,,,,,,,,,,,,,,,,,,,,,,,,,,,,,,,,,,,,,,,,,,,
2275-131809,23,13,4,,,,,,,,,,,,,,,,,,,,,,,,,,1,,1,,,,,,,,,,,,,,,,,,,,,,,,,,,,,,,,,,,,,,,,,,,,
2276-141599,24,15,3,,,,,,,,,,,1,,,,,,,,,,,,1,,,,,,5,,,,1,,,,,,,,,,,,,,,,,,,,,2,,,,,,,,,,,,,,,,,,
2277-071876,21,15,3,,,,,1,,,,,,,,,,,,,,,,,,,,,,,,,,,,,,,,,,,,,,,,,,,,,,,,,,,,,,,,,,,,,,,,,,,
2277-552276,25,12,2,,,,,,,,,,,,,,,,,,,,,,,,,,,,,,,,,,,,,,,,,,,,,,2,,,,,,,,,,,,,,,,,,,,,,,,,,
2278-751076,16,9,5,,,,,,,,,,,,,,,,,,,,,,,,,,,,,,,,,,,,2,,,,,,,,,,,,,,,,,,,,,,,,,,,,,,,,,,,,
2279-652476,28,21,2,,,,,,,,,,,,,,,,,,,,,,,,,,,,,,,,,,,,,,,,,,,,,,,,,,,,,,,,,,,,,,,,,,,,,,,,1
2281-111424,19,12,4,,,,,,,,,1,,,,,,,,,,,,,,,,,,,1,,,,,,,,,,,,,,,,,,,,,,,,,,1,,,,,,,,,,,,,,,,,,
2282-071001,15,8,4,,,,,,,,,,,,,,,,,,,,,,,,,,,,,,,,,,,,,,,,,,,,1,,,,,,,,,,,,,,,,,,,,,,,,,,,,
2282-071003,14,8,4,,,,,,,,,,,,,,,,,,,,,,,,,,,,,,,,,,,,,,,,,,,,1,,,,,,1,,,,,,,,,,,,,,1,,,,,,,,
2284-091460,19,10,6,,,,,,,,,,,,,,,,,,,,,,,,,,,,,,,,,,,,,,,,1,,,,,,,,,,,,,,,,,,,,,,,,,,,,,,,,
2284-101560,21,11,6,,1,,,,,,,,,,,,,,,,,,,,,,,,,,,,,,,,,,,,,,,,,,,,,,,,,,,,,,,,,,,,,,,,,,,,,,
2284-162460,30,8,5,,,,,,,,,,,,,,,,,,,,,,1,,,,,,,,,,,,,,,,,,,,,,,,,,,,,,,,,,,,,,,,,,,,,,,,,,
2284-182660,31,19,6,,,,,,,,,,,,,,,,,,,,,,,,,,,,,,,,,,,,,1,,,,,,,,,,,,,,,,,,,,,,,,,,,,,,,,,,,
3301-130905,19,14,6,,1,,,,,,,,,,,,2,1,,,,,,,,,,,,,,,,,,,,,,,,,,,,,,1,,,1,,,,,,,,,,,,,1,1,,,,,,,,,,
3301-130908,19,14,6,,,,,,,,,,,,,,,,,1,,,,,,,,,,,,,,,,,,1,,,,,,,,1,,,,,,,,,,,,,,,,,,,,,,,,,,,,,
3301-130911,19,14,6,,,,,,,,,,,,,,,,,,,,,,,,,,,,,,,,,,,1,,,,,,,,,,,,,,,,,,1,,,,,,,,,2,1,,,,,,,,,
3301-171305,23,17,6,,1,,,,,,,,,,,,,,,,,,,,,,,,,,,,,,,,1,,,,,2,,,,,,,,,,,,,,1,,,,,,,,,,,,,,,,,,,
3301-171308,23,17,6,,,,,,,,,,,,1,,,,,,,,,,,,,,,,,,,,,,,,,,,,,,,,,,,,,1,,,,,,1,,,,,,,,,,,,,,,,,
3301-171311,23,17,6,,,,,,,,,,,,,,,,,,,,,,,,,,,,,,,,,,,1,,,,,,,,,,,,,,2,,,,,,,2,,,,,,,2,,,,,,,,,
3301-211705,26,21,6,,,,,,,,,,,,,,1,,,,,,,,,,,,,,,1,,,,,,,,,,,,,1,,,,,5,,,,,,,,,,,1,,,,,,,25,,,,,,,
3301-211708,26,21,6,,,,,,,,,,,,,,,,,,,,,,,,,,,,,,,,,,,,,,,,,,,,,,,,,1,,,,,,,,,1,,,,,,,,,,,,,,
3301-211711,26,21,6,,,,,,,,,,,,,,,,,,,,,,,,,,,,,,,,,,,,,,,,,,,,,,,6,,,,,,,,,,,,,,,,1,,,,,,,,,
3302-101504,22,11,6,1,,,,,,,,,,,,,,,,1,,6,,,,,,,,,2,1,1,,,,,,,3,,,,,1,,,,,,,,,,,,2,,,,,,,,,,,,,,2,2,,,2
3302-101504-25p,22,11,2,,,,,,,,,,,,,,,,,,,,,,,,,,,,,,,,,,,,,,,,,,,,,,,,,,,,,2,,,,,,,,,,,,,,,,4,,,
3302-101507,19,10,3.25,1,,,,,,,,,,,,,,,,,,,,,,,,,,,,15,5,,,,,,,,,,,,,,,,,,,,,,,,,,2,,,,,,,4,,,,,,17,,,
3302-101510,22,11,6,,,,,,,1,,,,,3,,,,,,,2,,,,1,,,,,,5,,,,,,,,,,2,,,,,,,,,,2,,,,,,,,10,,,,,,1,,,,,,,,,
3302-101519,19,10,3.25,,,1,,,,,,,,,,,,,1,,,,,,,,,,,,,,,,,,,,,,,,,,,,,,,,,,,,,,,,,,,,,,,,,,,,,2,,,
3302-101520,19,10,3.25,1,,,,,,,,,,,2,,,,,,,,,,,,,,,,,,,,,,,,,,,,,,,,,,,,,,,,,,,,,,,,,,,,,,,,,2,,,
3302-101525,19,10,3.25,,,,,,,,,,,,5,,,,2,,,,,,,,,,,,,,,,,,,,,,,,,,,,,,,,,,,,,,,,,,,,,,,,,,,,,5,,,
3302-101529,19,10,3.25,,,,,,,,,,,,,,,,,,,1,,,,,,,,,,,,,,,,,,,,,,,,2,,,,,,3,,,,,,,,,,,,,,,,,,,,,,,
3302-101550,19,10,3.25,,,,,,,,,,,,4,,,,,,,,,,,,,,,,,,,,,,,,,,,,,,,,,,,,,,,,,,,,,,,,,,,,,,,,,1,,,
3302-121804,22,12,4,10,,,,,,,,,,,16,,,,,,,13,,,,,,,,,,,,,,,,,,,,,,1,,5,,,,,1,10,,,,,,,2,,,,,,2,,10,,,,2,,,,
3302-121807,22,12,3.25,,,,,,,,,,,,,1,,,,,,,,,,,,,,,,,,,,,,,1,,,,,,,9,,,,,,,,,,,,,,,,,,,,,20,,,,,1,,,
3302-121810,22,12,4,,,,,,,,,,,,13,,,,,,1,12,,,,1,,,,,,,,,,,,,,,,,,,,,,,,,1,,,,,,,,,,,,,,1,,,,,,,,,,
3302-121815,22,12,3.25,,,,,,,,,,,,,,,1,,,,,,2,,,,,,,,,,,,,,,,,2,3,,,,,,,,,,,,,,,,,,,,,,,,,,,,,,,,,
3302-121819,22,12,3.25,,,,,,,,,,,,,,,,,,,5,,,,,,,,,3,,,,,,,,,,,,,,,,,,,,,,,,,,,,,,,,,,,,,,,,,,,,
3302-121820,22,12,4,,,,,,,,,,,,6,,2,1,,,,7,,2,,,,,,,,,,,,,,,,,,,1,,,,,,,,,,,,,,,,,,,,,,,,,,,1,,,,,
3302-121824,0,0,0,,,,,,,,,,,,1,,,,,,,,,,,,,,,,,,,,,,,,,,,,,,,,,,,,,,,,,,,,,,,,,,,,,,,,,,,,
3302-121825,22,12,4,,,,,,,,,,,,5,,,,,,,1,,,,,,,,,,,,2,,,,,,,,,,,,6,,,,,,3,,,,,,,,,,,,,,,,,,,,,,,
3302-121830,22,12,3.25,,,,,,,,,,,,,,,,,,,,,,,,,,,,1,,,,,,,,,,,3,,,,,,,,,,3,,,,,,,,,,,,,,,,,,,,1,,,
3302-121840,26,13,5,,,,,,,,,,,,,,,,,,,,,,,,,,,,,,,,,,,,,,,,,,,5,,,,,,,,,,,,,,,,,,,,,,,,,,7,,,
3302-142004,24,14,4,1,,,,,,,,,,,,,,,,,,5,,,,,,,,,,,,,,,5,,,,,,,1,,4,,,,,,2,,,,,,,2,,,,,,,1,,,,,,3,,,
3302-142007,24,14,4,1,,,,,,,,,,,,,,,,,,4,,,,,,,,,,,,,,,,,,,,,,,,,,,,,,,,,,,,,,,,,,,,,,,,,,5,,,
3302-142010,24,14,4,,,,,,,,,,,,,,,,,,,2,,,,,,,,,13,,,,,,,,,,,,,,,,,,,,,,,,,,,,,,,,,,1,2,,,,,,5,,,
3302-142015,24,14,4,1,,,,,,,,,,,,,,1,,,,,,2,,,,,,,,,,,,,,,,,,,,,,1,,,,,,,1,,,,,,1,,,,,,,4,,,,,,5,,,
3302-142020,24,14,4,,,,,,,,,,,,,,1,1,,,,,,2,,,,,,,,,,,,,,,,,,,,,,,,,,,,,,,,,,,,,,,,,,1,,,,,,,,,
3302-142024,24,14,4,,,,,,,,,,,,,,,,,,,2,,,,,,,,,,,,,,,,,,,,,,,,,,,,,,,,,,,,,,,,,,,,,,,,,,,,,
3302-142025,24,14,4,1,,,,,,,,,,,,,,,,,,,,,,,,,,,,,,,,,,,,,,,,,,,,,,,,,,,,,,,,,,,,,,,,,,,,7,,,
3302-142040,24,14,4,,,,,,,,,,,,,,,,,,,,,,,,,,,,,,,,,,,,,,,,,,,,3,,,,,,,,,,,,,,,,,,,,,,,,,,2,,
3302-162204,26,16,4,,,,,,,,,,,,8,,,,,,,13,,,,,,,,,2,,,1,,,,,,,3,,10,,,2,,,,,,1,1,1,,2,,,,,,,,,1,,,,,,,1,,,
3302-162207,26,16,3.25,,,,,,,,,,,,,,,,,,,,,,,,,,,,,,,,,,,,,,,,,1,,,,,,,,15,,,,,,,,,,,,,,,,,,,,,,,
3302-162210,26,16,4,,,,,,,,,,,,3,,,,,,,3,,,,,,,,,1,,,,,,,,,,,2,,,,,,,,,,2,,,,,,,1,,,,,,1,5,,1,,,,5,,,
3302-162215,26,16,4,,,,,,,,,,,,2,,,,,,,4,,,,,,,,,1,,,,,,,,,,,2,,,,4,,,,,,4,,,,,2,,,,,,,,,,,1,,,,,,,
3302-162220,26,16,4,,,,,,,,,,,,,,,,,,,1,1,,,,,,,,1,,,,,,,,,,,,,,,,,,,,,4,,,,,,,1,,,,,,,5,,1,,,,1,,,
3302-162224,26,16,1,,,,,,,,,,,,1,,,,,,,,,,,,,,,,,,,,,,,,,,,,,,,1,,,,,,,,,,,,,,,,,,,,1,,,,,,3,,,
3302-162225,26,16,3.25,,,,,,,,,,,,14,,,,,,,,,,,,,,,,2,,,,,,,,,,,2,,,,5,,,,,,4,,,,,,,,,,,,,,,,,,,,,,,
3302-162229,26,16,3.25,,,,,,,,,,,,1,,,,,,,,,,,,,,,,,,,,,,,,,,,,,,,,,,,,,,,,,,,,,,,,,,,,,,,,,,2,,
3302-162230,26,16,3.25,,,,,,,,,,,,,,,,,,,,,,,,,,,,,,,,,,,,,,,,,,,,,,,,,,,,,,,,,,,,,,,,,,,,,7,,,
3302-162240,26,16,4,,,,,,,,,,,,1,,,,,,,3,,,,,,,,,3,,,,,,,,,,,,,,,1,,,,,,2,,,,,,,,,,,,,,3,,,,,,2,,,
3302-162250,26,16,3.25,,,,,,,,,,,,,,,,,,,,,,,,,,,,1,,,,,,,,,,,,,,,,,,,,,,,,,,,,,,,,,,,3,,,,,,3,,,
3302-162299,26,16,3.25,,,,,,,,,,,,,,,,,,,,,,,,,,,,,,,,,,,,,,,,,,,,,,,,,,,,,1,,,,,,,,,,,,,,,,,,,
3302-223004,38,24,6,,,,,,,,1,,,,,,,,,,,,,,,,,,1,,,5,,1,,,,2,,,,,,,,,,,,,1,,,1,,1,,,,,,,,,,,10,,,,,,,,
3302-223010,38,24,6,,,,,,,,,,,,,,,,,,,,,,,,,,,,,,,,,,,,,,,,,,,,,,,,,,,,,1,1,,,,,,,,,,,,,,,,,,
3302-851304,17,8.5,4,,,,,,,,,,,,3,,,,,,,25,,,,,,,,,2,,,,,2,,,,,,,,1,,,,,,,3,18,1,,,2,,,,,2,,,,,,,1,,,,,,,
3302-851307,17,8.5,4,1,,,,,,,,,,,,,,,,,,,,,,,,,,,,,15,,,,,,,,,,,,,,,,,,1,,,,,,,,,,,,,,,,,2,,,,20,,,
3302-851310,17,8.5,4,,,,,,,,,,,,,,,,,,,,,,,1,,,,,,,,,,,,,,,,,,,,,,,,,,,,,,,,,,,,,,,,,1,,,,,,,1,
3302-851315,17,8.5,4,1,,,,,,,,1,,,,,,,,,,1,,,,,,,,,3,,,,,,,,,,,,,,,4,,,,,,,,,,,,,,,,,,,,,,,,,,1,,,
3302-851320,17,8.5,3.25,1,,,,,,,,,,,8,,,,,,1,,,,,,,,,,,,,,,,,,,,,,,,,,,,,,,,,,,,,,,,,,,,,,,2,,,,,,1,
3302-851324,17,8.5,3.25,,,,,,,,,,,,,,,,,,,,,,,,,,,,,,1,,,,,,,,,,,,,,,,,,,,1,,,,,,,,,,,,,,,,,,,,,,
3302-851325,17,8.5,3.25,1,,,,,,,,,,,5,,,,,,,5,,,,,,,,,,,,,,,,,,,,,,,,2,,,,,,5,,,,,,,1,,,,,,,,,2,,,,1,,,
3302-851329,17,8.5,3.25,,,,,,,,,,,,,,,,1,,,,,,,,,,,,,,,,,,,,,,,,,,,,,,,,,,,,,,,,,,,,,,,,,,,,,,,,
3302-851330,17,8.5,3.25,,,,,,,,,,,,10,,,,,,,3,,,,,,,,,,,,,,,,,,,,,,,,,,,,,,,1,,,,,,,,,,,,,,,,,,,,,,
3302-851340,17,8.5,4,,,,,,,,,,,,,,,,,,,2,,,,,,,,,4,,,,,,,,,,,,,,,,,,,,,,,,,,,,,,,,,,,,,,,,,,,,
3302-851350,17,8.5,3.25,,,,,,,,,,,,,,,,,,,,,,,,,,,,,,,,,,,,,,,,,,,,,,,,,,,,,,,,,,,,,,,,,,,,,1,,,
3302-851399,17,8.5,3.25,,,,,,,,,,,,,,,,,,,2,,,,,,,,,3,,,,,,,,,,,,,,,,,,,,,,,,,,,,1,,,,,,,2,,,,,,,,,
3303-102131,26,10,5,,,,,,,,,,,,,,,,,,,,,,,,,,,,,,,,,,,,,,,,,,,1,,,,,,,,,,,,,,,,,,,,,,,,,,,,,
3304-091416,18,9,3.25,,,,,,,,,,,,,,,,,,,,,,1,,,,,,,,,,,,,,,10,,,,,,10,,,,,,,,,,,,,,,,,,,,,1,,,,,,,,
3304-101516,19,10,3.25,,,,,1,,,,,,,5,,,1,,,,10,,,,,,,,,,,,,,,,,,,,3,,,,,,,,,5,7,,1,,,,,,,2,,1,,,,,,,,,,,,
3304-122016,24,12,3.25,,,,,,,,,,,,,,,,,,,1,,,,,,,,,,,,,,,,,,,,,,,,,,,,,,,,,,,,,,,,,,,,,,,,,,,,,
3304-142016,24,14,3.25,,,,,,,,,,,,,1,,,,1,,,,,,,,,,,,,,,,,,,,,,,,,,,,,,,,,,,,,,,,,,,,,,,,,,,,,,,
3304-162416,26,16,3.25,,2,,,,,,,5,,,,,,,,,,,,,,,,,,,,,,,,,,,,,,,,,,,,,,,,,,,,,,5,,,,,,,,,,,,,,,,,
3304-222916,36,23,5,,,,,,,,,,,,,,,,,,,,,,,,,,,,,,,,,,,1,,,,,,,,,,,,,,,,,,,,,,,,,,,,,,,,,,,,,
3305-091305,20,9,5,,,,,,,,,,,,,,,,,,,,,,,,,,,,,,,,,,,,,,,,,,,3,,,,,,5,,,,,,,,,,,,,,,,,,,2,,,,
3305-091311,20,9,5,2,,,,,,,,,,,,,,,,,,,,,,,,,,,,,,,,,,,,,,,,,,,,,,1,,,,,,2,,,,,2,,,,,2,,,,,,,,,
3305-091321,20,9,5,6,,,,,,,,,,,,,,,,,,,,1,1,,,,,,,,,,,,,,,,,,,,,,,,,,,,,,,,,,,,,,,,,,,,,,,,,,
3305-091341,20,9,5,6,,,,,,,,,,,,,,,,,,,,,,,,,,,,,,,,,,,,,,,,,,,,,,,,,,,,,,,,,,,,,,,,,,,,,,,
3305-101505,21,11,5,,,,,,,,,,,,,,,,,,,,,,,,,,,,,,,,,,,,,,,,,,,,,,,,,,,,,,,,2,,,,,,,,,,2,,,,,,
3305-101508,21,11,5,,,,,,,,,,,,,,,,,,,,,,,,1,,,,,,,,,,,,,,,,,,,,,,,,,,,,,,,,,,,,,,,,,,,,,,,,
3305-101511,21,11,5,,,,,,,,,,,,,,,,,,,,,,,,,,,,,,,,,,,,,,,,,,,,,,,1,1,,,,,,,,,,,,,,,,,,,,,,,,
3305-101521,21,11,5,,,,,,,,,,,,,,,,,,,,,,,,,,,,,,,,,,,,,1,,,,,,,,,,,,,1,,,,,,,,,,,,,,,,1,,,,,,
3305-101526,21,11,5,,,,,,,,,,,,,,,,,,,,,,,,,,,,,,,,,,,,,,,,,,,,,,,,,,1,,,,,,,,,,,,,,,,,,1,,,,
3305-101531,21,11,5,,,,,,,,,,,,,,,,,,,,,,,,,,,,,,,,,,,,,,,,,,,,,,,,,,,,,,,,,,,,,,,2,,,,,,,,,
3305-101541,21,11,5,,,,,,,,,,,,,,,,,,,,,,,,,,,,,,,,,,,,,,,,,,,,,,,,,,1,,,,,,,,,,,,,,,,,,,,,,
3305-122005,26,12,5,,,,,,,,,,,,,,,,,,,,,,,,,,,,,,,,,,,,,,,,,,,,,,,,,,,,,,,,,,,,,,,2,,,,,,,,,
3305-122008,26,12,5,,2,,,,,,,,,,,,,,,,,,,,,,,,,,,,,,,,,,,,,,,,,,,,,,,,,,,2,,,,,,,,,,,,,,,,,,,
3305-122011,26,12,5,,,,,,,,,,,,2,,,,,,,,,,,,,,,,,,,,,,,,,,,,,,,,,,,,,,,,,,,,,,,,,,,,,,,,,2,,,
3305-122021,26,12,5,,,,,,,,,,,,,,,,,,,,,,,,,,,,,,,,,,,,,,,,,,,,,,,,,2,,,,3,,,,,,,,,,,,,,,,,,,
3305-122026,26,12,5,,,,,,,,,,,,,,,,,,,,,,,,,,,,,,,,,,,,,1,,,,,,,,,,,,,,,,,,,,,,,,,,,,,,,1,,,,
3305-122031,26,12,5,,,,,,,,,,,,,,,,,,,,,,,,,,,,,,,,,,,,,1,,,,,,,,,,,,,,,,,,,,,,,,,,,,,,,,,,,
3305-122041,26,12,5,,,,,,,,,,,,,,,,,,,,,,,,,,,,,,,,,,,,,1,,,,,,,,,,,,,,,,,,,,,,,,,,,,,,,,,,,
3305-142005,27,14,5,,,2,,,,,,,,,,,,,,,,,,,,,,,,,,,,,,,,,,,,,,,,,,,,,,,,2,,,,,,,,,2,,,,,,,,,,,,
3305-142008,27,14,5,,,,,,,,,,,,,,,,,,,,,,,,,,,,,,,,,,,,,,,,,,,,,,,,,,,,,,,,,,,,,,,,,,,,,,,,1
3305-142011,27,14,5,,,,,,,,,,,,,,,,,,,,,,,,,,,,,,,,,,,,,,,,,,,,,,,,,,,,,,,,,,,,,,,2,,,,,,,,,
3305-142021,27,14,5,,,,,,,,,,,,,,,,,,,,,,,,,,,,,,,,,,,,,,,,,,,,,,,1,,,,,,,,,,,,,,,,,,,,,,,,,
3305-142031,27,14,5,,,,,,,,,,,,,,,,,,,,,,,,,,,,,,,,,,,,,,,,,,,,,,,1,,,,,,,,,,,,,,,,,,,,,,,,,
3305-152205,29,16,4,,,,,,,,,,,,,,,,,,,,,,,,,,,,,,,,,,,,,,,,,,,,,,,,,,,,,,,,,,,,,,,,,,,,,,,22,
3305-152208,29,16,4,,2,,,,,,,,,,,,,,,,,,,,,,,,,,,,,,,,,,,,,,,,,,,,,,,,,,,,,,,,,,,,,,,,,,,,,,5
3305-152211,29,16,4,,,,,,,,,,,,6,,,,,,,4,,,,,,,,,,,,,,,,,,,,,,,,,,,,,,,,,,,,2,,,,,,,,,,,,,,2,,,
3305-152221,29,16,4,,,,,,,,,,,,,,,,,1,,,,1,,,,,,,,,,,,,,,,,,,,,,,,,,,,,,,,,,,,,,,,,,,,,,,,,,,
3305-152226,29,16,4,,,,,,,,,,,,,,,,,,,,,,,,,,,,,,,,,,,,,,,,,,,,,,,,,,,,,,,,,,,,,,,,,,,,1,,,,
3305-162405,30,16,2,,,,,,,,,,,,,,,,,,,,,,,,,,,,,,,,,,,,,,,,,,,,,,,,,,,,,,,,,,,,,,,,,,,,,,2,,
3305-162411,30,16,4,,,,,,,,,,,,,,,,,,,,3,,,,,,,,,,,,,,,,,,,,,,,,,,,,,,,,,,,,,,,,,,,,,,,,,,,,
3305-162421,30,16,4,,,,,,,,,,,,8,,,,,,,8,,,,,,,,,,,,,,,,,,,,,,,,,,,,,,,,,,,,,,,,,,,,,,,,,,,2,,
3305-162426,30,16,4,,,,,,,,,,,,,,,,,,,,,,,,,,,,,,,,,,,,,,,,,,,,,,,,,,,,,,,,,,,,,,,,,,,,,,2,,
3305-162431,30,16,4,,,,,,,,,,,,,,,,,,,,,2,,,,,,,,,,,,,,,,,,,,,,,,,,,,,,,,,,,,,,,,,,,,,,,,,,,
3305-162441,30,16,4,,,,,,,,,,,,,,,,,,,,,1,,,,,,,,,,,,,,,,,,,,,,,,,,,,,,,,,,,,,,4,,,,,,,,,,,2,,
3305-182605,31,19,5,,,,,,2,,,,,,,,,2,,,,,1,,,,,,,,,,2,,,,,,,,,,,,,,,,,,,,,,,3,,,,,,,,,,,,,,,,,,,
3305-182608,31,19,5,,2,,,,,,,,,,,,,,,,,,,,,,,,,,,,,,,,,,,,,,,,,,,,,,,,,,,,,,,,,,,,,,,,,,,,,,
3305-182611,31,19,5,,,,,,2,,,,,,,,,2,,,,,1,,,,,,,,,,2,,,,,,,,,,,,,,,,1,,,,,,,,,,,,,,,,,,,,,,,,,,
3305-182621,31,19,5,,,,,,2,,,,,,,,,2,,,,,1,,,,1,,,,,,2,,,,,1,,,,,,,,,,,,,,,,,,2,,,,,,,,,,,,,,,,,,,
3305-182626,31,19,5,,,,,,2,,,,,,,,,2,,,,,1,,,,,,,,,,2,,,,,,,,,,,,,,,,,,,,,,,,,,,,,,,,,,,,,,,,,,
3305-182631,31,19,5,,,,,,,,,,,,,,,,,,,,,,,,,,,,,,,,,,,,,,,,,,,,,,,,,3,,,,,,,,,,,,,,,,,,,,,,,
3305-182641,31,19,5,,,,,,,,,,,,,,,,,,,,3,,,,,,,,,,1,,,,,,,,,,,,,,,,,,,,,,,,,,,,,,,,,,,,,,,,,,
3305-203011,34,21,6,,,,,,,,,,,,,,,,,,,,,,,,,,,,,,,,,,,,,,,,,,,,,,,,,,,,,,,,,,2,,,,,,,,,,,,,,
3305-203021,34,21,6,,,,,,,,,,,1,,,,,,,5,,,,,,,,,,,,,,,,,,,,,,,,,,,,,,,,,,,,,,,,,,,,,2,,,,2,,,,,
3305-203041,34,21,6,,,,,,,,,,,,,1,,,,,,,,,,,,,,,,,,,,,,,,,,,,,,,,,,,,,,,,,,,,,,,,,,,,,,,,,,,
3308-091315,17,9,4.25,,,,,,,,,,,,,,,,,,,,,,,,,,,,,,,,,,,,,,,,,,,,,,,1,,,,,,,,,,,,,,,,,,,,,,,,,
3308-101515,19,10,4.25,,,,,,,,,,,,,,,,,,,,,,,,,,,,,,,,,,,,,,,,,,,,,,,1,,,,,,,,,,,,,,,,,,,,,,,,,
3308-111615,20,11,4.25,,,,,,,,,,,,,,,,,,,,,,,,,,,,,,,,,,,,,,,,,,,,,,,,,,,,,,,,,5,,,,,,,,,,,,,,,
3308-122015,24,12,4.25,,,,,,,,,,,,,,,,,,,,,,,,,,,,,,,,,,,,,,,,,,,,,,,,,,,,,,,,,5,,,,,,,,,,,,,,,
3308-142015,24,14,4.25,,,,,,,,1,,,,,,,,,,,,,,,,,,,,,,,,,,,,,,,,,,,,,,,,,,,,,,,,,,,,,,,,,,,,,,,,
3310-122016,24,12,2.5,,,,,,,,,,,,,,,,,,,,,,,,,,,,,,,,,,,,,,,,,,,,,,,,,,,,,,,,,,,,,,,,,,,1,,,,,
3310-162416,26,16,2.5,,,,,,,,,,,,,,,,,,,,,,,,,,,,,,,,,,,,,,,,,,,,,,1,,,,,,,,,,,,,,,,,,,,,,,,,,
3310-223016,32,22,2.5,,,,,,,,,,,,,,,,,,,,,,,,,,,,,,,,,,,,,,,,,,,,,,,,,,,,,,,,,,,,,,,,,,,1,,,,,
3311-101511,19,10,2.5,,,,,,10,,,,,,,,,,,,,10,,,,,,2,,,6,,,,,,,,,,,,,,,,,,,,,,,,,,,,,,,,,,,,,,,,,,,,4
3311-101516,19,10,5,,,,,,,,,,,,,,,,,,,1,,,,,,1,,,1,,,,,,,,,,,,,,,,,,,,,,,,,,,,,,,,,,,,,,,,,,,,
3311-111616,21,11,5,,,,,,,,,,,,,,,,,,,,,,,,,,,,,,,,,,,,,,,,,,,,,,,,,,,,,,,,,,,,,,5,,,,,,,,,,
3311-122011,24,12,2.5,,,,,,,,,,,,,,,,,,,,,,,,,,,,,,,,,,,,,,,,,,,,,,,,,,1,,,,,,,,,,,,5,,,,,,,,,,
3311-132016,26,13,5,,,,,13,,,,,,,,,,,,,,,,,,,,,,,,,,,,,,,,,,,,,,,,,,,,,,,,,,,,,,,,,,,,,,,,,,,
3311-142011,24,14,2.5,,,,,10,,,,,,,,,,,,,,,2,,,,,,,,,,,,,,,,,,,,,,5,,,,,,,,,,,,,,,,,,,,,,,,,,,,,,
3311-162411,26,16,2.5,,,,,,,,,,,,1,,,,,,,1,,,,,,,,,,,,,,5,,,,,,,,,,,,,,,,,,,,,,,,,,,,,,,,,,,,,,,
3311-162416,27,16,5,,,,,,,,,,,,,,,,,,,,,,,,,,,,,,,,,,,,,,,,,,,1,,,,,,,,,,,,,1,,,,,,,2,,,,,,,,,
3311-182611,28,18,2.5,,,,,,,,,,,,,,,,,,,,,,,,,,,,,,,,,,1,,,,,,,,,,,,,,,,,,,,,,,,,,,,,,,,,,,,,,
3311-182616,30,18,5,,,,,,,,,,,,,,,,,,,,,,,,,,,,,,,,1,,,,,,,,,,,,,,,,,,,,,,,,,,,,,,,,,,,,,,,,
3312-102007,24,10,8.5,,,,,,,,,,,,,,,,,,,,,,,,,,,,,,,,,,,,,,,,,1,,,,,,,,,,,,,,,,,,,,,,,,,,,,1,,,
3312-142407,26,14,8.5,,1,,,,,,,,,,,,,,,,,,,,,,,,,,,,,,,,,,,,,,,,,,,,,,,,,,,,,,,,,,,,,,,,,,,,,,
3312-162607,28,16,8.5,,,,,,,,,,1,,,,,,,,,,,,,,,,,,,,,,,3,,,,,,,,,,,,,,,,,,,,,,,,,,,,,,,,,,,,,,,
3312-182807,30,18,8.5,,,,,,,,,,,,,,,,,,,,,,,,,,,,,,,,,,,,,,,,,,,,,,,,,,,1,,,,,,,,,,,,,,,,,,,,,
3312-203007,32,20,8.5,,,,,,,,,,,,,,,,,,,,,,,,,,,,,,,,,1,,,,,,,,,,,,,,,,,,,,,,,,,,,,,,,,,,,,,,,
3315-091300,17,9,2.75,,,,,,,,,,,,,,,,,,,,1,,,,,,,1,,,,,,,,,,,,1,,,,,,,,,,,,,,,,,,,1,,,2,,,,,,,,,,,
3315-122000,24,12,2.75,,,,,,,,,,,,,,,,,,,,,,,,,,,,,,,,,,,,,,,,,,,1,,,,,,,,,,,1,,,,,,,,,,,,,,,,,,
3315-122001,26,12,5,,,,,,,,,,,,,,,,,,,,,,,,,,,1,,,,,,,,,,,,,,,,,,,,,,,,,,,,,,,,,,,,,,,,,,,,,
3315-162400,26,16,2.75,,1,,,,,,,,,,,,,,,,,,,,,,,,,,,,,,,,,,,,,,,,,,,,,,,,,,,,,,,,,,,,,,,,,,,,,,
3318-101560,19,10,5.5,,,,,,,,,,,,,,,,,,,,,25,,,,,,,,,,,,,,,,,,,,,,,,,,,,,,,,,,,,,,,,,,,,,,,,,,,
3319-131876,25,13,6,,,,,,,,,,,,,,1,,,,,,,,,,,,,,,,,,,,,,,,,,,,,,,,,,,,,,,,,,,,,,,,,,,,,,,,,,
3319-162376,30,16,5,,,,,,,,,,,,,,,,,,,,,,,,,,,,,,,,,,,,,,,,,,,,,,,,,,,,,,,,,,,1,,,,,,,,,,,,,
3320-152025,27,15,6,,,,,,,,,,,,,,,,,,,,,,,,,,,,,,,,,,,,,,,,,,,,,,,1,,,,,,,,,,,,,,,,,,,,,,,,,
3321-101504,22,12,4.5,,,,,,,,,,,,12,,,,,,,,,1,,,,,,,1,,,,,,,,,,,,,,,1,,,,,,3,,,,,,,1,,,,,,,2,,2,,,,,,,
3321-101507,22,12,4.5,,,,,,,,,,,,,,,,,,,1,,,,,,,,,,,,,,,,,,,,,,,,2,,,,,,,,,,,,,,,,,,,,,,,,,,,,,
3321-101510,22,12,4.5,,,,,,,,,,,,,,,,,,,,,,,,,,,,,,,,,,,,,,,,,,,1,,,,,,,,,,,,,1,,,,,,,4,,,,,,4,,,
3321-101520,22,12,4.5,,,,,,,,,,,,5,,,,,,,1,,,,,,,,,,,,,,,,,,,,,,,,,,,,,,6,,,,,1,,1,,,,,,,,,,,,,2,,,
3321-101525,22,12,4.5,,,1,,,,,,,,,8,,,,,,,,,,,,,,,,2,,,,,,,,,,,,,,,,,,,,,,,,,,,,,,,,,,,,,,,,,,,,
3321-101530,22,12,4.5,,,,,,,5,,,,,,,,,,,,,,,,,,,,,,,,,,,,,,,,,,,,,,,,,,2,,,,,,,,,,,,,,,,,,,,,,,
3321-101599,22,12,4.5,,,,,,,,,,,,,,,,,,,1,,,,,,,,,,,,,,,,,,,,,,,,,,,,,,,,,,,,,,,,,,,,,,,,,,,,,
3321-121804,25,14,5,,,,,,,,,,,1,4,10,,,,,,2,,,,,,,,,7,,,,,,,,,,,,,,,4,,,,,,,,,,,,,,,,,,,,3,,,,,,,,,
3321-121807,25,14,5,,,,,,,,,,,,7,,,,,,,1,,,,,,,,,,,,,,,,,,,,,,,,,,,,,,,,,,,,,,,,,,,,,,,,,,,,,
3321-121810,25,14,5,,,,,,,,,,1,,,,,,,,,,,,,,,,,,,,,,,,,,,,,,,,,,,,,,,2,,,,,,,,,,,,,,,,,,,,,,,
3321-121815,25,14,5,,,,,,,,,,,,,,,,,,,,,,,,,,,,,,,,,,,,,10,,,,,,,,,,,,,,,,,,,,,,,,,,,,,,,,,,,
3321-121820,25,14,5,,,,,,,,,,1,,2,,,,1,,,,,,,,,,,,4,,,1,,,,,,,,,,,,,,,,,,1,,,,,,,,,,,,,,3,,,,,,2,,,
3321-121825,25,14,5,,,,,,,,,,,,6,,,,,,,,,,,,,,,,5,,,,,,,,,,,,,,,,,,,,,4,,,,,,,,,,,,,,,,,,,,,,,
3321-121830,25,14,5,,,,,,,,,,,,10,,,,,,,,,,,,,,,,,,,,,,,,,,,,,,,,,,,,,1,,,,,,,,,,,,,,,,,,,,,,,
3321-121840,25,14,5,,,,,,,,,,,,,,,,,,,,,,,,,,,,,,,,,1,,,,,,,,,,,,,,,,,,,,,,,,,,,,,,,,,,,,,,,
3321-142004,24,14,3.25,,,,,,,,,,,,,,,,1,,,,,,,,,,,,,,,,,,,,,,,,,,,,,,,,,,,,,,,,,,,,,,,,,,,,,,,,
3321-142007,24,14,3.25,,,,,,,,,,,,5,,,,,,,1,,,,,,,,,,,,,,,,,,,,,,,,,,,,,,,,,,,,,,,,,,,,,,,,,,,,,
3321-142015,24,14,3.25,,,,,,,,,,,,8,,,1,,,,,,,,,,,,,1,,,,,,,,,,,,,,,,,,,,,,,,,,,,,,,,,,,,,,,,,,,,
3321-142020,24,14,3.25,,,,,,,,,,,,5,,,,,,,5,,,,,,,,,6,,,,,,,,,,,,,,,9,,,,,,,,,,,,,,,,,,,,,,,,,,,,,
3321-142025,24,14,4,,,,,,,,,,,,6,,,,,,,3,,,,,,,,,1,,,,,,,,,,,,,,,,,,,,,,,,,,,,7,,,,,,,1,,,,,,1,,,
3321-142030,24,14,4,,,,,,,,,,,,,,,,,,,3,,,,,,,,,2,,,,,,,,,,,,,,,,,,,,,,,,,,,,,,,,,,,,,,,,,3,,,
3321-142040,24,14,3.25,,,,,,,,,,,,,,,1,,,,,,,,,,,,,,,,,,,,,,,,,,,,,,,,,,,,,,,,,,,,,,,,,,,,,,,,,
3321-851304,17,8.5,4,10,,,,,,,,,,,2,,,,,,,,,,,,,,,,,,,,,,,,,,,,,,,2,,,,,,3,,,,,,,,,,,,,,1,,,,20,,1,,12,
3321-851307,17,8.5,4,,,,,,,,,,,,4,,,,,,,1,,,,,,,,,,,,,,,,,,,,,,,,,,,,,,,,,,,,,,,,,,,,,,,,,,,,,
3321-851315,17,8.5,3.75,,,,,,,,,,,,1,,,,,,,2,,,,,,,,,,,,,,,,,,,,,,,,5,,,,,,,,,,,,,,,,,,,,,,,,,,3,,,
3321-851320,17,8.5,3.75,,,,,,,,,,,,14,,,,,,,1,,,,,,,,,,,,,,,,,,,,,,,,,,,,,,,,,,,,,,,,,,,,2,,,,,,2,,,
3321-851325,17,8.5,3.75,,,,,,,,,,,,2,,,,,,,,,,,,,,,,,,,,,,,,,,,,,,,,,,,,,,,,,,,,,,,,,,,2,,,,,,2,,,
3321-851330,17,8.5,3.75,,,,,,,,,,,,7,,,,,,,3,,,,,,,,,,,,,,,,,,,,,,,,,,,,,,,,,,,,,,,,,,,,,,,,,,,,,
3322-193010,34,20,5,,,,,,,,,,,,,,,,,,2,,,,,,,,,,,,,,,,,,,,,,,,,,,,,,,,,,,,,,,,,,,,,,,,,,,,,,
3322-193030,34,20,5,,,1,,,,,,,,,,,,,,,1,,,,,,,,,,,,,,,,,,,,,,,,,,,,,,,,,,,,,,,,,,,,,,,,,,,,,,
3322-193045,34,20,5,,,,,,,,,,,,,,,,,,2,,,,,,,,,,,,,,,,,,,,,,,,,,,,,,,,,,,,,,,,,,,,,,,,,,,,,,
3322-213325,35,21,5,,,2,,,,,,,,,,,,,,,,,,,,,,,,,,,,,,,,,,,,,,,,,,,,,,,,,,,,,,,,,,,,,,,,,,,,,
3322-213330,35,21,5,,,1,,,,,,,,,,,,,,,,,,,,,,,,,,,,,,,,,,,,,,,,,,,,,,,,,,,,,,,,,,,,,,,,,,,,,
3322-213345,35,21,5,,,,,,,,,,,,,,,,,,3,,,,,,,,,,,,,,,,,,,,,,,,,,,,,,,,,,,,,,,,,,,,,,,,,,,,,,
3322-241725,24,20,6,,,,,,,,,,,,1,,,,,,,,,,,,,,,,,,,,,,,,,,,,,,,,,,,,,,,,,,,,,,,,,,,,,,,,,,,,
3322-241730,24,20,6,,,,,,,,,,,,4,,,,,,,,,,,,,,,,,,,,,,,,,,,,,,,,,,,,,,,,,,,,,,,,,,,,,,,,,,,,
3322-241745,24,20,6,,,,,,,,,,,,8,,,,,,,,,,,,,,,,,,,,,,,,,,,,,,,,,,,,,,,,,,,,,,,,,,,,,,,,,,,,
3322-241750,24,20,6,,,,,,,,,,,,1,,,,,,,,,,,,,,,,,,,,,,,,,,,,,,,,,,,,,,,,,,,,,,,,,,,,,,,,,,,,
3322-261910,26,22,5,,,,,,,,,,,,2,,,,,,,,,,,,,,,,,,,,,,,,,,,,,,,,,,,,,,,,,,,,,,,,,,,,,,,,,,,,
3322-261925,26,22,5,,,,,,,,,,,,3,,,2,,,,,,,,,,,,,,,,,,,,,,,,,,,,,,,,,,,,,,,,,,,,,,,,,,,,,,,,,
3322-261930,26,22,5,,,,,,,,,,,,3,,,4,,,,,,,,,,,,,,3,,,,3,,,,,,,,,,,,,,,,,,,,,,,,,,,,,,,,,,,,,,,
3322-261945,26,22,5,,,,,,,,,,,,2,,,2,,,,,,,,,,,,,,,,,,,,,,,,,,,,,,,,,,,,,,,,,,,,,,,,,,,,,,,,,
3322-261950,26,22,5,,,,,,,,,,,,,,,2,,,,,,,,,,,,,,,,,,,,,,,,,,,,,,,,,,,,,,,,,,,,,,,,,,,,,,,,,
3322-302310,30,27,5,,,,,,,,,1,,,,,,,,,,,,,,,,,,,,,,,,,,,,,,,,,,,,,,,,,,,,,,,,,,,,,,,,,,,,,,,
3322-302325,30,27,5,,,,,,,,,1,,,,,,,,,,,,,,,,,,,,,,,,,,,,,,,,,,,,,,,,,,,,,,,,,,,,,,,,,,,,,,,
3322-302330,30,27,5,,,,,,,,,1,,,,,,,,,,,,,,,,,,,,,,,,,,,,,,,,,,,,,,,,,,,,,,,,,,,,,,,,,,,,,,,
3322-302340,30,27,5,,,,,,,,,1,,,,,,,,,,,,,,,,,,,,,,,,,,,,,,,,,,,,,,,,,,,,,,,,,,,,,,,,,,,,,,,
3322-302345,30,27,5,,,,,,,,,1,,,,,,,,,,,,,,,,,,,,2,,,,,,,,,,,,,,,,,,,,,,,,,,,,,,,,,,,,,,,,,,,
3322-302350,30,27,5,,,,,,,,,1,,,1,,,,,,,,,,,,,,,,,,,,,,,,,,,,,,,,,,,,,,,,,,,,,,,,,,,,,,,,,,,,
3324-131850,25,14,1.5,,,,,,,,,,,,,,,,,,,,,1,,,,,,,,,,,,,,,,,,,,,,,,,,,,,,,,,,,,,,,,,,,,,,,,,,,
3324-162330,29,17,6,,,,,,,,,,,,,,,,,,,,,,,,,,,,,,,,,,,,,,,,,,,,,,,,,,,,,,,,,,,,,,,,,,,,,,,1,
3324-162350,29,17,6,,,,,,,,,,,,,,,,,,,,,,,,,,,,,,,,,,,,,,,,,,,,,,1,,,,,,,,,,,,,,,,,,,,,,,,,,
3326-162046,26,17,5,,,,,,,,,,,,,,,,,,,,,,,,,,,,,,,,,,,,,,,,,,,,,,,,,,,,,,,,,,,,,,,,,,,1,,,,,
3327-142000,27,14,4,,,,,,,,,,,,,,,,,,,,,,,1,,,,,,,,,,,,,,,,,,,,,,,,,,,,,,,,,,,,,,,,,,,,,,,,,
3328-091460,18,9,5.5,,,,,,,,,,,,,,,,,,1,,,,,,,,,,,,,,,,,,,,,,,,,,,,,,,,,,,,,,,,,,,,,,,,,,,,,,
3328-101504,19,10,5.5,,,,,,,,,,,,1,,,,1,,2,,,,,1,,,,,,,,,,,,,,,,,,,,,,,,,,,,,,,,,,,,,,,,,,,,,,,,,
3328-101560,19,10,5.5,,,,,2,,,,,,,,,,,,,,,,,,,,,,1,,,,,,,,,,,,,,,,,,,,,,,,,,,,,,,,,,,,,,,,,,,,,
3328-122004,28,12,6,,,1,,,,,,,,,,,,,,,,,,,,,,,,,,,,,,,,,1,,,,,,,,2,,,,,,,,,,,,,,,,,,,,,,,,,,,,
3328-122060,24,12,5.5,,,,,,,,,,,,,,,,,,1,,,,1,,,,,,,,,,1,,,,,,,,,,,,,,,,,,,,,,,,,,,,,,,,,,,,,,,,
3328-142060,24,14,5.5,,,,,1,,,,,,,,,,,,,,,,,,,,,,,,,,,,,,,,,,,,,,,,,,,,,,,,,,,,,,,,,,,,,,,,,,,
3328-142204,30,14,5,,,,,,,,,,,,,,,,,,,,,,,,,,,,,,,,,,,,,,,,,,,,,,,,,,,,,,,,,,,,,,,,,1,,,,,,,
3328-162404,32,16,5,,,,,,,,,,,,,,,,,,,,,,,,,,,,,,,,,,,,,,,,,,,,,,,,,,,,,,,,,,1,,,,,,,,,,,,,,
3328-182604,28,18,5.5,,,,,,,,,,,,,,,,,,,,,,,,,,,,,,,,,,,,,,,,,,,,,,,,,,,,,,,,1,,,,,,,,,,,,,,,,
3329-142460,26,14,5.5,,,,,,,,,,,,,,,,,,,,,,,,,,,,,,,,,,,,,,,,,,,2,,,,,,,,,,,,,,,,,,,,,,,,,,,,,
3329-162660,28,16,5.5,,,,,,,,,,,,,,,,,,,,,,,,,,,,,,,,,,,,,1,,,,,,,,,,,,,,,,,,,,,,,,,,,,,,,,,,,
3329-203060,32,20,5.5,,,,,,,,,,1,,,,,,,,,,,,,,,,,,,,,,,,,,,5,,1,,,,,,,,,,,,,,,,,,,,,,,,,,,,,,,,,
3330-102016,24,10,7,,,,,,,,,,,,,,,,,,,,,,,,,,,,,,,,,,,1,,,,,,,,,,,,,,,,,,,,,,,,,,,,,,,,,,,,,
3330-122216,26,12,7,,,,,,,,,,,,,,,,,,,,,,,,,,,,,,,,,,,,,,,,,,1,,,,,,,,,,,,,,,,,,,,,,,,1,,,,,,
3330-162616,28,16,7,,,,,,,,,,,,,,,,,,,,,,1,,,,,,,,,,,,,,,,,,,,,,,,,,,,,,,,,,,,,,,,,,,,,,,,,,
3330-182816,30,18,7,,,,,,,,,,,,,,,,,,,,,,,,,,,1,,,,,,,,,,,,,,,,,,,,,,,,,,,,,,,,,,,,,,,,,,,,,
3331-101560,19,10,5.5,,,,,,,,,,,,,,,,,,,,,,,,,,,,,,,,,,,,,,,,,,,,,,,,,10,,,,,,,,,,,,,,,,,,,,,,2,
3331-122060,24,12,5.5,,,,,,,,,,,,1,,,,,,,,,,,,,,,,,,,,,,,,,,,,1,,,,1,,,,,,,,,,,,,,,,,,,,,,,,,,,,
3331-142060,24,14,5.5,,,,,,,,,,,,,,,,,,,,,,,,,,,,,,,,,,,,,,,,,,,,,,,,,,,,,,,,,,,,,,,,,,2,,,,,,
3331-162460,26,16,5.5,,,,,,,,,,,,,,,,,,,,,,,,,,,,,,,,,,,,,,,,,,,,1,,,,,,,,,,,,,,,,,,,,,,,,,,,,
3332-102000,24,10,7,,,,,,,,,,,,,,,,,,,,,,,,,,,,,,,,,,,,,,,1,,,,1,,,,,,,,1,,,,,,,,,,,,,,,,,,,,,10
3332-122200,26,12,7,,,,,,,,,,,,,,,,,,,,,,,,,,,,,,,,,,,,,,,,,,,,,,,,,,,,,,,,,,,,,,,,1,,,,,,,,
3332-142400,26,14,7,,,,,,,,,,,,,,,,1,,,,,,,,,,,,,,,,,,,,,,,,,,,,,,,,,,,,,,,,,,,,,,,,1,,,,,,,,
3332-162600,28,16,7,,,,,,,,,,,,,,,,,,,,,,,,,,,,,,,,,,,,,,,,,,1,,,,,,,,,,,,,,,,,,,,,,30,,,,,,,,
3332-182800,30,18,7,,,,,,,,,,,,,,,,,,,,,,,,,,,,,,,,,,,,,,,,,,,,,,,,,,,,,,,,,,,,,,,,20,,,,,,,,
3333-152030,27,16,6,,,,,,,,,,,,,,,,,,,,,,,,,,,,,,,,,,,,,,,,,,,,,,,,,,,,,,,,,,,,,,,,,,3,,,,,,
3333-152035,27,16,6,,,,,,,,,,,,,,,,,,,,,,,,,,,,,,,,,,,,,,,,,,,,,,,,,,,,,,,,,,,,,,,,,,3,,,,,,
3334-162407,26,16,4.5,,,,,,,,,,,,,,,,,,,,,,,,,,,,,,,,,,,,,,,,,,,,,,,,1,,,,,,,,,,,,,,,,,,,,,,,,
3335-101507,19,10,5,,,,,,,,,,,,,,,,,,,,,,,,,,,,,,,,,,,,,,,,,,,,,,,,,,,,,,,,,,,,,,,,,,,,,,,,10
3335-122007,24,12,5,,,,,,,,,,,,,,,,,,,,,,,,,,,,,,,,,,,,,,,,,,,,,,,,,,,,,,,,,,,,,,,,,,,,,,2,,
3336-101520,19,10,2.5,,,,,,10,,,,,,,,,,,,,,,,1,,,,,,,,,,,,,,,,,,,,,,,,,,,,,,,,,,,,,,,,,,,,,,,,,,
3336-122020,24,12,2.5,,,,,,,,,,,,,,,,,,,,,,1,,,,,,,,,,,,,,,,,,,,,,,,,,,,,,,,,,,,,,,,,,,,,,,,,,
3336-142020,24,14,2.5,1,,,,,,,,,,,,,,,,,,,,,1,,,,,,2,,,,,,,,,,,,,,,,,,,,,,,,,,,,,,,,,,,,,,,,,,,,
3337-091301,17,9,3,,,,,,,,,,,,,,,,,,,,,,,,,,,,,,,,,,,,,,,,,,,,,,,,,,,,,,,,,,,,,,,,,,,,2,,,,
3337-122001,24,12,3,,,,,,,,,,,,,,,,,,,,,,,,,,,,,,,,,,,,,,,,,,,,,,,,,,,,,,,,,,,,,,,,,,,2,,,,,
3337-142001,24,14,3,,,,,,,,,,,,,,,,,,,,,,,,,1,,,,,,,,,,,,,,,,,,,,,,,,,,,,,,,,,,,,,,,,,,,,,,,
3337-182601,28,18,3,,,,,,,,,,,,,,,,,,,,1,,,,,,,,,,,,,,,,,,,,,,,,,,,,,,,,,,,,,,,,,,,,,,,,,,,,
3338-152420,26,15,1.25,,,,,,,,,,,,,,,,,,,,,,,,,,,,,,,,,,,,,,,,,,,,,,,,,,,,,,,,,,,,,,,,,,2,,,2,,,
3341-142107,27,14,5,,,,,,,,,,,1,,,,,,,,,,,,,1,,,,,,,,,,,,,,,,,,,,,,,,,,,,,,,,,,,,,,,,,,,,,,,,
3341-182707,32,19,6,,,,,,,,,,,,,,,,,,,,,,,,1,,,,,,,,,,,,,,,,,,,,,,,,,,,,,,,,,,,,,,,,,,,,,,,,
3342-101605,22,10,4,,,,10,,,,,,,,,10,,,,,,5,,,,,,,10,10,4,,,,,,,,1,,,,,,,5,,,,,,,,,,,,1,,,,,,2,,1,,,,,,11,,,
3342-101608,22,10,4,,,,,,,,,,,,,10,,,,,,,,,1,,,,,,,,,,,,,,1,,,,,,,,,,,,,,,,,,,,,,,,,2,,,,,,,,,,,
3342-101611,22,10,4,,,,20,,,,,,,,,10,,,,,,,,,,,,,,,,,,,,,,,,,,,,,,,,,,,,,3,,,,,,,,,,,2,,,,,,,,10,,,
3342-101621,22,10,4,,,,6,,,,,,,,,10,,,,,,,,,,,,,,,,1,,,,,,,,,,,,,,,,,,,,,,,,,,,,,,,,,,5,,,,,,14,,,
3342-101626,22,10,4,,,,6,,,,,,,,,10,,,,,,,,,,,,,,,,,,,,,,,,,,,,,,,,,,,,,,,,,,,,,,,,,,,1,,,,,10,,,
3342-101631,22,10,4,,,,10,,,,,,,,,10,,,,,,,,,,,,,,,,,,,,,,,,,,,,,,,,,,,,,,,,,,,,,,,,,,,,,,,,10,,,
3342-101641,22,10,4,,,,6,,,,,,,,,10,,,,,,,,,3,,,,,,,,,,,,,,,,,,,,,,,,,,,,,,,,,,,,,,,,,,,,,,,10,,,
3342-101699,22,10,4,,,,,,,,,,,,2,,,,,,,,,,,,,,,,,,,,,,,,,,,,,,,2,,,,,,,,,,,,,,,,,,,,,,,,,,,,,
3342-121805,22,12,3.75,1,,,,,,,,,,,,,,,,,,,4,,,,,,,,,,,,,,,,,,,,,,,2,,,,,,,,1,,1,,1,4,,,,,,,2,,,,,,,,,
3342-121808,22,12,3.75,10,,,,,,,,,,,,,,1,,,,,,,1,,,,,,,,,,,,,,,,,,,,,,,,,,,,,,,,,,,,,,,,,,,,,,,,,,
3342-121811,22,12,3.75,,,,,1,,,,1,,,,,,,,,,,,,,,,,,,1,,,,,,,,,,,,,,,,,,,,,,,,,,,,,,,,,,,,,,,,,3,,,
3342-121821,22,12,3.75,1,,,,1,,,,,,,5,,,,,,,7,,,,,,,,,,,,,,,,,,,,,,,,,,,,,,,,,,,,,,1,,,,,,,,,,,,,,,
3342-121826,22,12,3.75,1,,,,1,,,,,,,,,,,,,,,,,,,,,,,,,,,,,,,,,,,,,,,,,,,,,,,,,,,,,,,,,,,,,,,,,,,
3342-121831,22,12,3.75,,,,,,,,,,,,,,,,,,,,,,,,,,,,,,,,,,,,,,,,,,,,,,,,,,,,,,,,,,,,,,1,,,,,,,5,,,
3342-121841,22,12,3.75,10,,,,,,1,,,,,,,,,,,,,,,,,,,,,,,,,,,,,,,,,,,,,,,,,,,,,,,,,,,,,,,,,,,,,,,,,
3342-121899,22,12,3.75,,,,,,,,,,,,,,,,,,,,,,,,,,,,,,,,,,,,,,,,,,,7,,,,,,,,,,,,,,,,,,,,,,,,,,,,,
3342-142005,24,14,3.75,15,,,,,,,,,,,,,,,,,,,,,,,,,,,,,,,,,,,,,,,,,,,,,,,,,,,,,,1,,,,,,,,,,,,,,,,,
3342-142008,24,14,3.75,,,,,,,,,,,,,,,,,,,2,,,,,3,,,,2,,10,,,,,,,,,,,,,,,,,,,,,,,,,,,,,,,,,,,2,,,,,,,
3342-142011,24,14,3.75,20,,,,,,,,,,,6,,,,,,,5,,,,,,,,,,,,,,,,,,,,,,,,1,,,,,,1,,,,,,,1,,,,,,,3,,,,,,2,,,
3342-142021,27,14,6,10,,,,,,,,,,,22,,,,,2,,,,,,,,,,,,,,,,,,,,,,,,,,,,,,,,,,,,,,,,,,,,,,,,,,,1,,,,
3342-142026,24,14,3.75,20,,,,1,,,,,,,,,,,,,,,,,,,,,,,,,,,,,,,,,,,,,,,,,,,,,,,,,,,,,,,,,,,,,,,,,,,
3342-142031,24,14,3.75,10,,,,,,,,,,,1,,,,,,,,,,,,,,,,,,,,,,,,,,,,,,,1,5,,,,,,,,,,,,,,,,,,,,,,,,,,,,
3342-142041,24,14,3.75,29,,,,,,,,,,,8,,,,,,,8,,,,,,,,,9,,,,,,,,,,,,,,,,,,,,,,,,,,,,,,,,,,,,,,,,,,,,
3342-142099,24,14,3.75,,,,,,,,,,,,,,,,,,,,,,,,,,,,,,,,,,,,,,,,,,,12,,,,,,,,,,,,,,,,,,,,,,,,,,1,,,
3342-162205,26,16,4,,,,,,,,,,,,,,,,,,,14,,,,,,,,,,,,,,,,,,,,,,,,,,,,,,,,1,,,,1,,,,,,,,,,,,,,1,,,
3342-162208,26,16,4,,,,,,,,,,,,4,,,,1,,,5,,,,,,,,,,,,,,,,,,,,,,,,,,,,,,,,,,,,,,,,,,2,,,,,,,,,,,
3342-162211,26,16,4,,,,,,,1,,,,,,,,,,,,6,1,,,,,,,,4,,1,,,,,,,,,,,,,,3,,,,,,,,,,,1,,1,,,,,,,,,,,,,,,
3342-162221,26,16,4,,,,,,,,,,,,7,,,,,,,5,,,,,,,,,11,,,,,,,,,,,,,,,,,,,,,,,,,,,,,,,,,,,,,,,,,,,,
3342-162231,29,16,6,,,,,,,,,,,,,,,,,,,,,,,,,,,,,,,,,,,,,,,,,,,,,,,,,,,,,,,,,,,,,,,,,,,,,,,1,
3342-851405,19,9,5,10,,,,,1,,,,,,2,15,,,,,,2,,,,,,,,,2,,,,,,,,,,,,,,,,,,,,,,1,1,,,,1,,,,,,,,,,,,,,10,,,
3342-851408,19,9,5,,,,,,,1,,,,,,10,,,,,,,,,,,2,,,,,,,,,,,,,2,,,,3,,,,,,,,,,,,,,,,,,,,,,,,,,,,5,,,
3342-851411,19,9,5,,,,,,,,,,,2,10,10,,,,5,,3,,,,,,,,,5,,,,,,,,,,,,,,,,,,,,,,,,,,,,,,,,20,,,,,,,,,15,,,
3342-851421,19,9,5,,,,,5,,,,,1,,6,10,,,,,,,,,,,,,,,,,,,,,,,,,,,,,,,,,,,,,,1,,,,,,,,,,,,,,,,,1,10,,,
3342-851426,19,9,5,,,,,,,,,,1,,,10,,,,,,,,,,,,,,,,,,,,,,,,,,,,,,,,,,,,,,1,,,,,,,,,,,,,,,,,,10,,,
3342-851431,19,9,5,,,,,,,,,,,,,10,,,,,,,,,,,,,,,,,,,,,,,,,,,,,,,,,,,,,,,,,,,,,,,,,,,,,,,,5,,,
3342-851441,19,9,5,,,,,,,,,,,,,10,,,,,,,,,,,,,,,,,,,,,,,,,,,,,,,,,,,,,,,,,,,,,,,,,1,,,,,,,5,,,
3342-851499,19,9,5,,,,,,,,,,,,7,,,,,,,,,,,,,,,,1,,,,,,,,,,,,,,,1,,,,,,,,,,,,,,,,,,,,,,2,,,,,,,
3343-101545,22,11,7,,,,,,,,,,,,,,,,,,,,,,,,,,,,,,,,,,,,50,,,,,,,,,,,,,,,,,,,,,,,,,,,,,,,,,,,,
3344-101504,23,11,4.5,,,,,,1,,,,5,,5,,,,,,,3,,,,,,,,,5,,,,,,,,,,,,3,1,,,,,,,,,,,,,,,3,,,,,,,2,,,,,,,,,
3344-131804,25,14,5,,2,,,,,1,,,,,,,,,,1,,11,,,,,,,,,29,,,,,,,,,,,,2,3,,,,,,,,1,,,,,,,,,,,,,,,,,1,,,,,,
3344-131807,25,14,5,,,,,,,,,,,,15,,,,,,,8,,,,,,,,,,,,,,,,,,,,,,,,,,,,,,,,,,,,,,,,,,,,,,,,,,,,,
3344-131820,25,14,5,,,,,,,,,,,,,1,,,,,,,,,,,,,1,,,,,,,,,,,,,,,,,,,,,,,,,,,,,,1,,,,,,,,,,,,,,,,
3344-131825,25,14,5,,,,,,,,,,,,,1,,,,,,,,,,,,,,,,,,,,,,,,,,,,,,,,,,,,1,,,,,,,,,,,,,,,,,,1,,,,,
3344-131830,25,14,5,,,,,,,,,,,,,,,,,,,,,,,,,,,,,,,,,,,,,,,,,,,,,,,,,,,,,,1,,,,,,,,,,,,,,,,,,1
3344-152304,31,15,4,2,,,,56,,,,,,,,5,,,,,,,,1,1,,,,1,,,,,,,,,,,1,,,,,,,,,,,,,,,,,,,,,,,,,,,,,,,,,,,
3344-152307,31,15,4,,,,,25,,,1,,,,2,,,,,,,,,,,,,,,,,,,,,,,,,,,,,,,25,,,,,,,,,,,,,,,,,,,,,,,,,,,,,
3344-152310,31,15,4,,,,,,,,1,,,,,,,,,,,,,,,,5,,,,,,,,,,,,,,,,,,,,,,,,,,,,,,,,,,,,,,,,,,,,,,,,
3344-152320,31,15,4,,,,,,,,1,,,,,1,,,,,,,,,,,,,,,,,,,,,,,,,,,,,,,1,,,,,,,,,,,,,,,,,,,,,,,,,,,,
3344-152325,31,15,4,,,,,,,,1,,,,,,,,,,,,,,,,,,,,,,,,,,,,,,,,,,,,,,,,,,,,,,,,,,,,,,1,,,,,,,,,,
3344-152399,31,15,4,,,,,,,,,,,,,,,,,,,,,,1,,,,,,,,,,,,,,,,,,,,,,,,,,,,,,,,,,,,,,,,,,,,,,,,,,
3344-751304,9,8,4,,,,,,,,1,,,,,,1,,,,,,,,,,,,,,,,,,,,,,,,,,,,,,,,,,,,,,,,,,,,,,,,,,,,,,,,,,
3344-751307,9,8,4,,,,,,,,,,,,,5,,,,,,,,,,,,,1,,,1,,,,,,,,,,,,,,,,,,,,5,,,,,,,,,,,,,,,,,,,,,,,
3344-751310,9,8,4,,,,,,,,,,,,,2,,,,,,,,,,,,,,,,,,,,,,,,,,,,,,,,,,,,,,,,,,,,,,,,,,,,,,,,,,,
3344-751320,9,8,4,,,,,,,,,,,,,1,,,,,,,,,,,,,,,,,,,,,,,,,,,,,,,,,,,,,,,,,,,,,,,,,,,,,,,,,,,
3344-751325,9,8,4,,,,,,,,,,,,,,,,,,,,,,,,,,,,,,,,,,,,,,,,,,,,,,,,,1,,,,,,,,,,,,,,,,,,,,,,,
3344-751330,9,8,4,,,,,,,,,,,,,,,,,,,,,,,,,,,,,,,,,,1,,,,,,,,,,,,,,,,,,,,,,,,,,,,,,,,,,,,,,
3349-131810,26,17,4,,,,,,,,,,,,,,,,,,,,,,,,,,,,,,,,,,,,,,,,,,,10,,,,,,,,,,,,,,,,,,,,,,,,,,,,,
3349-131825,26,17,4,,,,,,,,,,,,4,,,,,,,1,,,,,,,,,,,,,,,,,,,,,,,,,,,,,,,,,,,,,,,,,,,,,,,,,,,,,
3349-131845,26,17,4,,,,,,,,,,,,,,,,,,,,,,,,,,,,,,,,,,,,,,,,,,,,,1,,,,,,,,,,,,1,,,,,,,,,,,,,,,
3349-162310,29,16,5,,,,,,,,,,,,,,,,,,,,,,,,,,,,,,,,,,,,,,,,,,,,,,,,,,,,,,,,,1,,,,,,,,,,,,,,,
3349-162350,30,16,6,,,,,,,,,,,,3,,,,,,,,,,,,,,,,,,,,,,,,,,,,10,,,,,,,,,,,,,,,,3,,,,,,,,,,,,,1,,,
3349-202945,35,20,6,,,,,,,,,,,,,,,,,,,,,,,,,,,,,,,,,,,,,,,,,,,,,,,,,,,,,,,,,,,,,,,1,,,,,,,,,
3350-101545,20,10,5,,,,,,,,,,,,,,,,,,,,,,,,,,,,,,,,,,,,,,,,,,,,,,,,,,,,,,,,,,,,,,,,,,,,,,,,1
3353-091276,17,10,5,,,1,,,,,,,,,,,,,,,,,,,,,,,,,,,,,,,,,,,,,,,,3,,,,,,,,,,,,,,,,,,,,,,,,,,,,,
3353-131476,21,14,8,,,,,,,,,,,,,,,,,,,,,,,,,,,,,,,,,,,1,,,,,,,,,,,,,,,,,,,,,,,,,,,,,,,,,,,,,
3353-192076,28,20,5,,2,,,,,,,,,,,,,,,,,,,,,,,,,,,,,,,,,,,,,,,,,,,,,,,,,,,,,,,,,,,,,,,,,,,,,,
3355-131830,24,13,5,,,,,,,,,,,,,,,,,,,,,,,,,,,,,,,,,,,,,,1,,,,,,,,,,,,,,,,,,,,,,,,,,,,,,,,,,
3355-131850,24,13,5,,,,,,,,,,,,,,,,,,,,,,,,,,,,,,,,,,,,,,1,,,,,,,,,,,,,,,,,,,,,,,,,,,,,,,,,,
3355-162304,29,16,5,,,,,,,,,,,,,,,,,,,,,,,,,,,,,,,,,,,,,,,,,,,,,,,,,,,,,,,,,1,,,,,,,,,,,,,,,
3358-162700,31,16,5,,,,,,,,,,,,,,,,,,,,,,,,,,,,1,,,,,,,,,,,,2,,,,2,,,,,,,,,,,,,,,,,,,,,,,,,,1,,1
3358-182900,34,18,5,,,,,,,,,,,,,,,,,,,2,,,,,,,,,,,,,,,,,,,,,1,,,,,,,2,,,,,,,,,,,,,,,,,,,,,,,,2,
3358-203100,36,20,5,1,,,,,,,,2,,,,,,,,,,,,,,,,,,,,,,,,3,,,,,,,,,,,,,,,,,,,,,,,,,,,,,,,,,,,,,,,
3359-091304,16,9,5,,,,,,,,,,,,,,,,,,,,,,,,,,,5,,,,,,,,,,,,,,,,,,,,,,,,,,,,,,5,,,,,,,,,,,,,,,
3359-091307,16,9,5,,,,,2,,,,,,,,,,,,,,,,,,,,,,,,,,,,,,,,,,,,,1,,,,,,5,,,,,,,,,5,,2,,,,,,,,,,,,,
3359-091310,16,9,5,,,1,,15,,,,,,,5,,,,,,,4,,,,,,,,15,1,,,,,,,,,,,,,,,,,,,,,,,,,,,,,5,,,,,,1,,,,,5,3,,,
3359-091320,20,10,6,,,1,,,,,,,,,,,,,,,,,,,,,,,,,,,,,,,,,,,,,,,,,,,,,,,,,,,,,,5,,,,,,,,,,,,,,,
3359-091325,16,9,5,,,1,,,,5,,,,,,,,,,,,,,,,,,,,,,,,,,,,,,,,,,,,,,,,,,,,,,,,,,5,,,,,,,,,,,,,,,
3359-091330,16,9,5,,,,,,,,,,,,,,,,,,,,,,,,,,,,,,,,,,,,,,,,,,,,,,,,,,,,,,,,,5,,,,,,,,,,,,,,,
3359-091340,16,9,5,,,1,,,,,,,,,,,,,,,,,,,,,,,,,,,,,,,,,,,,,,,,,,,,,,,,,,,,,,5,,,,,,,,,,,,,,,
3359-101504,23,10,5,,,,,,,,,,,,7,5,,,,,,5,,,,,,,,,,,,,,,,,,,,,1,,,,,,10,,,3,,,,,,,3,5,,,,,,,,,,,,,,,
3359-101507,23,10,5,,,,,,,,,,,,,,,,,,,,,,,,,,,,,,,,,,,,,,,,,,,,,,,,,,,,,,,,,5,,,,,,,,,,,,,,,
3359-101510,19,10,5,,,,1,,,,,,,,,,,,,,,,,,,,,,,,,,,,,,1,,,,,,,,,13,,,,,,10,,,,,,,,5,,,,,,,,,,,,,,,
3359-101520,23,10,5,,,,,,,,,,,,5,,,,,,,,,,,,,,,,1,,,,,,,,,,,,,,,14,,,,,,,,,,,,,,1,,,,,,,,,,,,,,,
3359-101525,23,10,5,,,,,,,,,,,,,,,,,,,,,,,,,,,,,,,,,,,,,,,,,,,5,,,,,,,,,,,,,,7,,,,,,,,,,,,,,,
3359-101530,19,10,5,,,,,,,,,,,,2,,,,,,,,,,,,,,,,,,,,,,,,,,,,,,,,,,,,,,,,,,,,,5,,,,,,,,,,,,,,,
3359-101540,19,10,5,,,,,,,,,,,,,,,,,,,,,,,,,,,,,,,,,,,,,,,,,,1,,,,,,,,,,,,,,,5,,,,,,,,,,,,,,2,
3359-122004,28,12,5,,,,,,,,,,,,,,,,,,,,,,,10,,,,,,,,,,,,,,,55,,,,,,,,,,,,,,,,,,,,,,,,,,,,,,,,,,
3359-122007,28,12,5,,,,,,,,,,,,,,,,,,,,,,,,,,,,,,,,,,,,,,,,,,,1,,,,,,,,,,,,,,,,,,,5,,,,,,,,,,
3359-122010,23,12,5,,,,,,,,,,1,,,,,,,,,1,,,,,,1,,,,,,,,,,,,,,,,,,,,,,,,,,,,,,,,,2,,,,,,,,,,,,,,
3359-122020,28,12,5,,,,,,,,,,,,,,,,,,,,,,,,,,,,,,,,,,,,,,,,,,,,,,,,,10,,,,,,,,,,,,,,,,,,,,,,,
3359-122040,28,12,5,,,,,,,,,,,,,,,,,,,,,,,,,,,,,,,,,,,,,,,,,,,5,,,,,,,2,,,,,,1,,,,,,,1,,,,,,10,,,
3359-122042,28,12,5,,,,,,,,,,,,1,,,,,,,,,,,2,,,,,,,,,,,,,2,,20,,7,,,,,1,,,,,,,,,,,,,,,,,,,,,,,,,,,
3359-122050,28,12,5,,,,,,,,,,,,,,,,,,,,,1,,,,,,,,,,,,,,,,,,,,,,,,,,,,,,,,,,,,,,,,,,,,,,,,,,,
3359-142004,27,14,6,,,,,5,,,,,,,1,1,,,,,,2,,1,,,,,,,,10,,,,5,,,,20,,,,,5,4,,,10,,,,,,,,,,,,,,,,10,1,,,,,,,,,
3359-142007,27,14,6,,,,,5,,,,,,,1,,,1,,,,1,,,,,,,20,,5,,,,,,,,,10,,,,,5,1,,,,,,,,50,,,,,,,,,,,5,,,,,,,,,,
3359-142010,25,14,5,,,,1,,,,,,,,8,,,,,,,1,,,,,1,,,,,,,,,18,,,,,,,51,,,7,,,1,,,16,,,,,,,,,,,,,,,,,,,,,,,
3359-142020,27,14,6,,,,,5,,,,,,,6,,,,,,,5,,,,,1,,,,,,,,,,,,,23,,,,,5,,,,,,,5,,,,,5,,,,,,,,4,,,,,,,,,,
3359-142025,25,14,5,,,,,5,,,,,,,3,,,,,,,,,,,,1,,,,1,,,,,,,,,5,,,5,,5,,,,,,,,,,,,,,,,,,,,5,,,,,,,5,,,
3359-142030,25,14,5,,,,,,,,,,,,2,,,,,,,,,,,,,,,,,,,,,,,,,,,,,,,,,,,,,,,,,,,,,,,,,,,,,,,,,,,,
3359-142032,27,14,6,,,,,,,,,,,,,,,,,,,,,,,,,,,,,,,1,,,,,,,,,,,,,,,,,,,,,,,,,,,,,,,,,,,,,,,,,
3359-142040,27,14,6,,,,,,,,,,,,,,,,,,,,,,,,1,,,,,,,,,,,,,15,,,,,,,,1,,,,,,,,,,,,,,,,,,,,,,,,5,,,
3359-142050,27,14,6,,,,,,,,,,,,3,,,,,,,5,,,,,,,,,,,,,,,,,,,,,,,,,,,,,,,,,,,,,,,,,,,,,,,,,,,,5,
3359-162404,31,17,5,,,,,,,,,,,,6,,,,,,,,,,,,,,,,,,,,,,,,,,,,,,,2,,,,,,,,,,,,1,1,,,,,,,,,,,,,,,,
3359-162407,31,17,5,,,,,,,,,,,,,,,,,,,,,,,,,,,,,,,,,,,,,,,,,,,24,,,,,,,,70,,,,,,,,,,,,8,,,,,,,,,
3359-162410,31,17,5,,,,,,,,,,,,,5,,,,,,,,,,,,,,,,,,,,,,,,,,,,,,,,,,,,,,,,,,,,,,,,,,,,,,,,,,,
3359-162420,31,17,5,,,,,,,,,,,,1,,,,,,,,,,,,,,,,,,,,,,,,,,,,,,,14,,,,,,,,,,,,,,,,,,,,20,,,,2,,,5,,
3359-162425,31,17,5,,,,,3,,,,,,,,,,,,,,,,5,,,,,,,,,,,,,,,,,,,,,,,,,,,,,,,,,,,,,,,,,,,,,,,,5,,,
3359-162430,28,16,6,,,,,,,,,,,,,,,,,,,,,,,,,,,,,,,,,,,,,,,,,,,,,,,,,,,,,,,,,,,,,,,1,,,,,,,,,
3359-162432,31,17,5,,,,,,,,,,,,,,,,,,,,,,,,,,,,,,,,,,,,,,,,,,,,,,,,,,,,,,,,,,,,,,,,,,,,,5,,,
3359-162442,31,17,5,,,,,,,,,,,,,,,,,,,,,,,,,,,,,,,,,5,,,,,,,,,,,,,,,,,,,,,,,,,,,,,,,,,,,,,,,
3359-182604,33,18,6,,,,,,,,,,,,,,,,,,,,,,,,,,30,10,10,,,,,,,,,4,,,,,,,,,,,,,,,2,,,,,,,,,,,,,,,,,,,,
3359-182607,33,18,6,,,,,,,,,,,,,,,,,,,,,,,,,,,,,,,,,,,,,,,,,,,1,,,,,,,,85,,,,,,,,,,,,,,,,,,,,,
3359-182610,33,18,6,,,,,,,,,,,,8,,,,,,,,,,,,,,,,3,,,,1,,,,,,,,,,,,,,,,,,,,,,,1,,,,,,,,,,,,,,,,,
3359-182620,33,18,6,,,,,,,,,,,,,,,,,,,,,,,,,,,,,,,,,,,,,,,,,,1,6,,,,,,,,,,,5,,,,,,,,,,,,,,,,5,,
3359-182625,30,18,6,,,,,,,,,,,,,,,,,,,,,,,,,,,30,,,,,,,,,,15,,,,,,3,,,,,,,,,,,,,,,,,,,,,,,,,,,,,
3359-182630,30,18,6,,,,,,,,,,,,,,,,,,,,,,,,,,,,,,,,,,,,,,,,,,,,,,,,,,,,,,,,,3,,,,,,,,,,,,,,,
3359-182632,30,18,6,,,,,,,,,,,,,,,,1,,,,,,,,,,,5,,,,,1,,,,,2,,,,,,,,,,,,,,,,,1,,,,,,,,,,,,,,,,,,
3359-182640,30,18,6,,,,,,,,,,,,,,,,,,,,,5,,,,,,,,,,,,,,,,,,,,,,,,,,,,,,,,,,,,,,,,,,,,,,,,,,,
3361-172200,23,18,5,,,,,,,,,,,,,,,,,,,,,,,,,,,,5,,,,,,,,,,,,,,,,,,,,,,,,,,,,,,,,,,,,,,,,,,,,
3361-232800,29,21,5,,,,,,,,,,,,,,,,,,,,,,,,,,,,,,,,,,,,1,,,,,,,,,,,,,,,,,,,1,,,,,,,,,,,,,,,,,
3362-263800,35,26,3,,,,,,,,,,,,,,,,,,,,,,,,,,,,,,,,,,,,,,,,,,,,,,,,,,,,,,,,,,,,,,,,,,,,,,,,1
3365-091520,19,15,7,,,,,,,,,,,,,,,,,,,,,,,,,,,,,,,,,,,,,1,,1,,,,,,,,,,,,,,,,,,,,,1,,,1,,,,,,,,,
3365-121920,24,12,6,,,,,,,,,,,,,,,,,,,,,,,,,,,,,,,,,,,,,,,,,,,,,,,2,,,,,,,,,,,,,,,,,,,,,,,,,
3365-152420,27,15,6,,,,,,,,,,,,,,,,,,,,,,,,,,,,,,,,,,,,,,,,,,,,,,,,,,,,,,,,,,,,1,,,,,,,,,,,,
3368-121600,22,13,5,,,,,,,,,,1,,,,,,,,,,,,,,,,,,,,,,,,,,,,,,,,,,,,,,,,,,,,,,,,,,,,,,,,,,,,,,
3368-152000,27,17,6,,,,,,,,,,,,,,,,,,,,,,,,,,,,,,,,,,,,,,,,,,,,,,,,,,,,,,,,,,,,,,,,,,,,1,,,,
3370-122204,24,12,1.5,,,,,,,,,,,,,,,,,,,,,,,,,,,,,,,,,,,,,,,,,,,,,,,,,,,,,,,,,,,,,,,,,,,,1,,,,
3370-122207,24,12,5,,,,,,,,,,,,,,,,,,,,,,,,,,,,,2,,,,,,,,,,,,,,,,,,,,,,,,,,,,,,,,,,,,,,,,,,,
3370-122225,24,12,5,,,5,,,,,,,,,,,,,,,,,,,,,,,,,,,,,,,,,,,,,,,,,,,,,,,,,,,,,,,,,,,,,,,,,,,,,
3370-122230,24,12,5,,,,,,,,,,,,,,,,,,,,,,,,,,,,,1,,,,,,,,,,,,,,,,,,,,,,,,,,,,,,,,,,,,,,,,,,,
3370-162625,30,16,7,,,2,,,,,,,,,,,,,,,,,,,,,,,,,,,,,,,,,,,,,,,,,,,,,,,,,,,,,,,,,,,,,,,,,,,,,
3370-182825,32,18,7,,,2,,,,,,,,,,,,,,,,,,,,,,,,,,,,,,,,,,,,,,,,,,,,,,,,,,,,,,,5,,,,,,,,,,,,,,
3370-182830,32,18,7,,,10,,,,,,,,,,,,,,,,,,,,,,,,,,,,,,,,,,,,,,,,,,,,,,,,,,,,,,,,,,,,,,,,,,,,,
3371-182601,34,18,5,,,,,,,,,,,,,,,,,,,,,,,,1,,,,,,,,,,,,,,,,,,,,,,,,,,,,,,,,,,,,,,,,,,,,,,,,
3372-152201,26,15,5,,,,,,,,,1,,,,,,,,,,,,,,,,,,,,,,,,,,,,,,,,,,,,,,,,,,,,,,,,,,,,,,,,,,,,,,,
3372-152205,26,15,5,,,,,,,,,1,,,,,,,,,,,,,,,,,,,,,,,,,,,,,,,,,,,,,,,,,,,,,,,,,,,,,,,,,,,,,,,
3375-111676,25,12,4,,1,,,,25,,,,,,,,,,,,,,,,,,,,25,,,,,,,,,,,,,,,,,,,,,,,,,,,25,,,,,,,,,,,5,,,,,,,,
3375-142076,28,15,5,,1,,,,,,,,,,,,2,,,,,,,,,,,,,,,,,,,,,,,,,,,,,,,,,,,,,,,5,,,,,,,,,,,,,,,,,,,
3375-162476,31,16,5,,,,,,,,,,,,,,1,,,,,,,,,,,,,,,,,,,,,,,1,,,,,,,,,,,,,,,,,,,,,,,,,,,,,,,,,,,
3375-182676,33,19,6,,,,,,,,,,,,,,,,,,,,,,,,,,,,,,,,,,,,,1,,,,,,,,,,,,,,,,,,,,,,,,,,,,,,,,,,,
3375-851376,19,9,5,,1,,,,,,,,,,,,,,,,,,,,,,,,,,,,,,,,,,,,,,,,,,,1,,,,,,,,,,,,,,,,,,,,,,,,,,,
3377-131851,26,13,5,,,,,,,,,1,,,,,,,,,,,,,,,,,,,,,,,,,,,,,,,,,,,,,,,,,,,,,,,,,,,,,,,,,,,,,,,
3388-242835,32,25,3,,,,,,,,,,,,,,,,,,,,,,,,,,,,,1,,,,,,,,,,,,,,,,,,,,,,,,,,,,,,,,,,,,,,,,,,,
3388-242840,32,25,3,,,,,,,,,,,,,,,,,,,,,,,,,,,,,1,,,,,,,,,,,,,,,,,,,,,,,,,,,,,,,,,,,,,,,,,,,
3394-101299,18,10,5,,,,,,,,,,,,1,5,,,,1,,,,,,,,,,,,5,,,,,,,,,,,,,,,,,,,,,,1,,,,,,,,,,,,,,,,,,,,,
3398-182499,26,20,5,,,,,,,,,,,,,,,,,,,,,,,,,,,,,,,,,,,,,,,,,,,,,,,,,,,,,,,,,,,,,,,,,,,1,,,,,
3399-162499,31,1,5,,,,,,,,,,,,,,,,,,,,,,,,,,,,,,,,,,,,,,,,,,,,,,,,,,,,,,,,,,,,,,,,,,,1,,,,,
3404-122051,26,13,5,,,,,,,,,,,,,,,,,,,,,,,,,,,,,,,,,,,,,,,,,,,,,,,,,,,,,,,,,,,,,,,1,,,,,,,,,
3404-152211,29,17,5,,,,,,,,,,,,,,,,,,,,,,,,,,,,,,,,,,,,,,,,,,,,,,,,,,,,,,,,,,,,,,,,,,2,,,,,,
4404-081200,24,17,4,,,2,,,1,,,,,,2,,,,,,,,,,6,,,,,,,,,,3,,,,,,,1,,,,,,,1,,1,,,,,,,,,,,,,,,,,10,,,,,,,
4404-081208,24,17,4,,,,,,,1,,1,,,,,,,,,,,,,,1,,,,1,,,,,,,,1,,2,,,,,,,,,,,,1,,,,,,,,,,,,12,,,,,,10,,,,,
4404-101500,25,17,10,,,,,7,,,,,2,,,,,,,,,,,,,,,,,,1,,,,,,,,,,,,1,,,,,,,,,,,,,,,,,,,,,,,,,,,,,,,,
4404-111700,25,22,8,,,,,,,,,,,,,2,,,,,,,,,,,,,,,,,,,,,,,,,,,,,,,,,,1,,,,,,,,,,,,,,4,,1,,,,,,,,,
4404-121800,26,23,5,,,,,5,,,,,,,,,,,,,,,,,,,,,,,,,,,,,,,,,,,1,,,,,,,,,,,,,,,,,,,,,,,,,,,,,,,,
4404-162400,38,25,11,,,,,,,,,,,,,,,,1,,,,,,,,,,,,,,,,,,,,,,,,,,,,,,,,,,,,,,,,,,,,,,,,,,,,,,,,
4405-081215,24,15,7,1,,,,,,,,,,,,,,,,,,,,,,,,,,,1,,,,1,,,,,1,,,,,,,,,,,,,,1,,,,,,,,,,10,,,,,,,,,,,
4405-091515,30,21,6,,,,1,,,,,,,,,,,,,,,,,,,,,,,,,,,1,,,,,,,,,,,,,,,,2,,,,,,,,,,,,,,5,,,,,,,,,,,
4405-101715,31,21,6,,,,,,,,,,,,4,,,1,,,,,,,,,,,,,,,,,,,,,,,,,,,,,,,,,,,,,,,,,,,,,,,,,,,,,,,,,
4405-121715,18,17,8,,,,,,,,,,,,,,,,,,,,,,,,,,,,,,,,,,,,,,,,,,,,,,,,,,,,,,,,1,,4,,,,,,,,,,,,,,
4405-142115,30,26,12,,,,,,,,,,,,,,,,,,,,,,,,,,,,,,,,,,,,,,,,1,,,,,,,,,,,,,,,,,,,,,,,,,10,,,,,,,
4406-101715,28,16,9,,,,,,,,,10,,,,,,,,,1,,,,,,,,,,,,,,,,1,,,,,,,,,,,,,,,,,,,,,,,,,,,,,,,,,,,,,,
4406-182515,30,26,14,,,,,,,,,,,,,,,,,,,,,,,,,,,,,,,,,,,,,,,,,,,,,,,1,,,,,,,,1,,,,,,,,,,,,,,,,,
4406-212815,30,28,15,,,,,,,,,,,,,,,,,,,,,,,,,,,,,,,,,,,,,,,,,,,,,,,2,,,,,,,,,,,,,,,,,,,,,,,,,
4407-071000,20,8,8,,,,4,,10,,,,,,,,,,,,,,,,,,,,,,25,,,3,,,,,1,,1,,,,1,,,3,,1,1,,,,1,,,1,3,,,,,1,1,,,,,,25,1,1,,
4407-071008,23,16,5,,,,,,2,,,14,,3,4,,,1,,1,,,,,,,,,,,,,,,,3,,,,,,,,,,,,,,,,10,,,,1,,,,,,,,10,,1,,,,,,,1,,
4408-142208,30,17,8,,,,1,,,,,,,,,,,,,,,,,,,1,,,,,,,,,,,,,,,4,,,,,,,,4,,,,,,,,,,,,2,25,,,,,,,,,,,,,
4408-182600,39,24,12,,,,,,,,,,,,,,,,,,,,,,,,,,,,,,,,,,,,,,,,,,,,,,,,,,1,,,,,,,,,,,,,,,,,,,,,,
4408-182608,39,24,12,,,,,,,,,,,,,,,,,,,,,,,,,,,,,,,,,,,,,,,,,,,,,,,,,,,,,,,,,,,1,5,,,,,,,,,,,,
4411-081101,30,23,11,,,,,,,,,,1,,,,,,,,,,,,,,,,,,,,,,,,,,,,,,5,,,,,,,,,,,,,,,,,,,,,,,,,,,,,,,,
4411-091301,30,22,15,,,,,,,,,,,,,,,,,,,,,,,,,,,,,1,,,,,,,,,,,5,,,,,,,,,,,,,,,,,,,,,,,,,,,,,,,,
4414-141745,28,18,10,,,,,,,,,,,,,,,,,,,,,,,,,,,,,,,,,,,,,,,,,,,,,,,,,,,,,,,,,,,,,,,2,,,,,,,,,
4414-141750,28,18,10,,,,,,,,,,,,,,,,,,,,,,,,,,,,,,,,,,,,,,,,,,,,,,,,,,,,,,,,,,,,,,,2,,,,,,,,,
4417-951400,28,19,7,,,,,,,,,,,,,,,,,,,3,,,,,,,,,,,,,,,,,,,,,,,,,,,,,,,,,,,,,,,,,,,,,,,,,,,,,
4419-080860,31,18,10,,,,,,,,,,,,,,,,,,,,,,,,,,,,,,,,,,,,,,,,,,,,,,,,,,,,,,,,,,,,,1,,,,,,,,,,,
4419-081160,33,22,13,,,,,,,,,,,,,,,,,,,,,,,,,,,,,,,,,,,,,,,,,,,,,,1,,,2,,,,,,,,,,,,,,,,,,1,,,,,
4419-091360,35,27,10,,,,,,,,,,,,,,,,,,,,,,,,,,,,,,,,,,,,,,,,,,,,,1,,,1,2,,,,,,,,,25,,,,,,,,,1,,,,4,
4420-142260,43,25,8,,,,,,,,,,,,,,,,,,,,,,,,,,,,,,,,,,,,,,,,,,,1,,,,,,,,,,,,,,,,,,,,,,,,,,,,1,
4420-172660,39,25,13,,,,,,,,,,,,,,,,,,,1,,1,,,,,,,,,,,,,,,,,,,,,,,,,,,,,,,,,,,,,,,,,,,,,,,,,,,
4421-091301,33,22,9,,,,,,,,,,,,,,,,,,,,,,,,,,,,,,,,,,,,,,,,,,,,1,,,2,,,,,,,,,,,,,,,,,,,,,,,,,
4422-182601,37,26,4,,,,,,,,,,,,,,,,,,,,,,,,,,,,,,,,,,,,,,,,1,,,,,,,,,,,,,,,,,,,1,,,,,,,,,,2,,,
4423-142215,39,25,11,,,,,,,,,,,,,,,4,,,,,,,,,,,,,,,,,,,,,,,,,,,,,,,,,,,,,,,,,,,,,,,,,,,,,,,,,
4424-080860,32,23,8,,,,,,,,,,,,,,,,,,,,,,,,,,1,,,,,,,,,,,,,,,,,,,,1,,,,,,,,,,,,,,,,,,,,,1,,,,,
4424-081160,32,23,8,1,,,,,,,,,,,,,,1,,,,,,,,,,,,,,,,,,,,,,,,,1,,,,,,1,,,,,,,,,,,,,,,,,,,,,,,,,,
4424-091360,35,25,9,,,,,,,,,,,,,,,,,,,,,,,,,,,,,,,,,,,,,,,,,,,,1,,1,,,,,,,,,,,,,,,,,,,,,,,,,1,
4425-142260,39,26,9,1,,,,,,,,,,,2,1,,,,,,,,,,,,,,,,,,,,,,,,,,,,,,,,,,,,2,,,,,,,,,,,,,1,1,,,,,,,,,
4425-172660,36,24,12,,,,,,,,,,,,,,,,,,1,,,,,,,,,2,,,,,,,,,,,,,,,,1,,,,,,1,,,,,,,,1,,,,,,,,,,,,,,,
4428-182615,37,26,9,,,,,,,,,,,,,,,,,,,,,,,,,,,,,,,,,,,,,,,,,,,,,,,,,,1,,,,,,,,,,,,,,,,,,,,,,
4429-091360,39,24,11,,,,,,,,,,,,,,,,,,,,,,,,,,,,,,,,,,,,,,,,,,,,,,,,1,,,,,,,,,,,,,,,,,,,,,,,,
4433-091360,41,25,11,,,,,,,,,,,,,,,,,,,,,,,,,,,,,,1,,,,,,,,,,,,,,,,,,,,,,,,,,,,,,,,,,,,,,,,,,
4441-142004,26,14,6,5,,,,,1,,,,,1,,1,,,,5,,,,2,,,,1,,,,,3,,,,,2,,5,,1,,1,,,,,,,,2,,,,,,5,,,,,,,1,,,2,,,,,,,
4441-142007,26,14,6,,,,,1,,,1,,,1,,,,,,,,,,4,,,1,1,,,,,,,,,,,,,,,,1,,,,,,,,,2,,,,,,,,,,,,,,,,,,,,,1,
4441-142010,26,14,6,,,,,,,,,,,,1,,,,,,,,,,,,,,,,,,,,,,,,,,,,,,,,,,,,,,,,,,,,,,,,,,,,,,,,,,,,
4441-142015,26,14,6,,,,,,,,,,,2,,,,,,,,1,,,,,,,,,,,,,,,,,,,,,,,,,,,,,,,,,,,,,,,,,,,,,,,,,,,,,
4441-142019,26,14,6,1,,,,,,,,,,,,,,,,,,,,,,,,,,,,,,,,,,,,,,,,,,,,,,,,,,,,,,,,,,,,,,,,,,,,,,,
4441-142020,26,14,6,,,,,,,,,,,,1,1,1,1,,,,,3,,2,,,,,,,,,,,,,,,,,,,,,,,,,,1,,,,,,,,2,,1,,,,,,,,,,,,,1,
4441-142025,26,14,6,,,,,,,,,,,,1,,2,,,,,,1,,,,,,,,,,,,,,,,,,,,,,,,,,,,,,,,,,,,,,,,,,,,,,,,,,1,,
4441-142029,26,14,6,,,,,,,,,,,,,,,,,,,,,,,,,,,,,,,,,,,,,,,,,,,,,,,,,,,,,,,,,,,,,,,,,,,,,,,1,
4441-142030,26,14,6,,1,,,,,,,,,,,,,,,,,,,,,,,,,,,,,,,,,,,,,,,1,,,,,,,,,,,,,,,,,,,,,,,,,,,,,,,
4441-142040,26,14,6,,,,,,,,,,,,,,,,,,,,,1,,,,,,,,,,,,,,,,,,,,,,,,,,,,,,,,,,,,,,,,,,,,,,,,,,,
4441-142050,26,14,6,,,,,,,,,,,,,,,,,,,,,,,,,,,,,,,,,,,,,,,1,,,,,,,,,,,,,,,,,,,,,,,,,,,,,,,,1,
4441-162204,25,16,7,1,1,,1,,,1,,4,,,,4,,,,,,,,,,,,,,,,,,,,,,,,,,,,1,,,,,,,,,,,,,,,,,,,,,,,,2,,,1,,,,
4441-162207,25,16,7,,,,2,,,,,,,,,,,,,,,,,,,,,,,,,,,,,,,,,,,,,,,,,,,,,,,,,,,,,,,,,,,,,,,,,,,,
4441-162210,25,16,7,,,,,,,,,,,,,,,,,,,,1,,,,,,,,,,,,,,,,,,,,,,,,,,,,,,,,,,,,,,,,,,,,,,,,,,,,
4441-162220,25,16,7,,,,3,,,,,,,,,,,,,,,,,,,,,,,,,,,,,,,,,,,,,,,,,,,,1,,,,,,,,,,,,,,,,,,,,,,,,
4441-162224,25,16,7,,,,,,,,,,,,,,,,,,,,2,,,,,,,,,,,,,,,,,,,,,,,,,,,,,,,,,,,,,,,,,,,,,,,,,,,,
4441-162225,25,16,7,,,,,0,,3,,,,,,,1,,,,,,,,,,,,,,,,,,,,,,,,,,,,,,,,,,,,,,,,,,,,,,,,,,,,,,,,,,
4441-162230,25,16,7,,,,,1,,,,,,,,,,,,,,,,,,,,,,,,,,,,,,,,,,,,,,,,,,,,,,,,,,,,,,,,,,,,,,,1,,,,
4441-162240,25,16,7,,,,,,,,,,,,,,,,,,,,,,,,,,,,,,,,,,,,,,,,,,,,,,,,,,,,,,,,,,,,,,,,,,,,1,,,,
4441-162250,25,16,7,,,,,,,,,,,,,,,,,,,,,,,,,,,,,,,,,,,,,,,,,,,,,,,,,,,,,1,,,,,,,,1,,,,,,,,,1,,
4441-223004,35,22,8,,,,,,,,,,,,,,,,,,,,,,,,,,,1,,2,,,,,,,,,,,2,,,,,,,,,,,,,,,,,,,,,,,,,,,,,,,,
4442-142010,24,16,8,,,,,,,,,,,,,,,,,,,,,,,,,,,,,,,,,,,,,,,,,,,,,1,,,,,,,,,,,,,,,,,,,,,,,,,,,
4442-142025,24,16,8,,,,,,,,,,,,,,,,,,,,,,,,,,,,,,,2,,,,,,,,,,,,,,,,,,,,,,,,,,,,,,,,,,,,,,2,,,
4443-142021,26,14,5,,,,,,,,,,,,,1,,,,2,,,,,,,,,,,,,,,,,,,,,,,,,,,,,,,,,,,,,,,,,,,,,,,,,,,,,,,
4443-162205,28,16,8,,,,,,,,,,,,,,1,,,,,,,,,,,,,,,,,,,,,,,,,,,,,,,,,,,,,,,,,,,,,,,,,,,,,,,,,,
4443-162211,28,16,8,,,,,,,,,,,,,,1,,,,,,,,,,,,,,,,,,,,,,,,,,,,,,,,,,,,,,,,,,,,,,,,,,,,,,,,,,
4443-162221,28,16,8,,,,,,,,,,,,,1,,,,,,,,,,,,,,,,,,,,,,,,,,,,,,,,,,,,,,,,,,,,,,,,,,,,,,,,,,,
4444-152304,28,15,6,,,,,,,,,,,,,,,,,,,,,,,,,,,,,,,,,,,,1,,,,,,,,,,,,,,,,,,,,,,,,,,,,,,,,,,,,
4444-152310,28,15,6,,,,,,,,,,,,,,,,,,,,,,,,,,1,1,,,,,,,,,,,,,,,,,,,,,,,,,,,,,,,,,,,,,,,,,,,2,,
4444-152325,28,15,6,,,,,,,,,,,,,,,,,,,,,,,,,,,1,,,,,,,,,,,,,,,,,,,,,,,,,,,,,,,,,,,,,,,,,,,,,
5500-320105,7,6,3,7,1,1,1,,1,1,,4,,1,1,,2,,1,,,,,,1,,,,,,,,,,,,,,,,,,,,,,,,1,,,,,1,6,,2,,2,,2,,,2,2,2,,,2,1,2,,6,,3
5500-320320,11.5,6.5,3,,,,,,,,,,,,,,,,,,,1,,,,2,,,,,,,,,,,,,,,,,,,,,,,,,,,,,,,,,,,,,,,,,,,,,,,,,
5500-320330,11.5,6.5,3,,,,,,,,,,,1,,,,,,,,,,,,,,1,,,,,,,,,,,,,,,,,,,,,,,,,,,,,,,,,,,,,,,,,,,,,,,
5500-320331,11.5,6.5,3,,,,,,,,,,,,,,,,,,,,,,,,,,,,,,,,,,,,,,,,,,,,,,,,,,,,,,,,,,,,,,,,2,,,,,,,,
5500-320345,11.5,6.5,3,,,,,,,,,,,,,,,,,1,,,,,,,,,,,,,1,,,,,,,,,,,,,,,,,,,,,,,,,,,,,,,,,,,,,,,,,,
5500-330104,20,4.5,4.5,17,20,9,9,11,7,6,11,22,22,21,15,13,9,16,21,15,22,19,12,25,21,12,9,15,9,19,16,17,13,11,9,11,19,35,40,27,45,32,22,17,29,26,15,11,23,20,9,10,19,18,17,22,7,13,16,12,20,16,14,21,16,10,6,15,16,20,12,15,10,17,12
5500-330107,20,4.5,4.5,1,1,2,,3,2,3,,3,4,3,5,1,4,4,,2,3,6,5,2,3,1,3,3,2,1,1,1,1,2,3,4,4,7,3,7,4,6,2,6,5,1,1,6,6,,1,,5,2,1,3,5,6,4,4,6,4,3,1,7,3,3,1,2,5,3,,3,4,2
5500-330120,20,4.5,4.5,,,,,2,,,1,,1,,,,,,1,2,3,1,,,,,,1,,1,1,2,,1,,,1,2,1,,,1,1,,,,1,2,1,,1,,,,2,2,,1,2,1,,,,,1,2,3,1,,,,1,,,1
5500-330130,20,4.5,4.5,2,5,6,2,,,1,,2,2,,4,1,2,1,1,2,1,,1,1,2,3,2,1,2,,1,,,2,,2,,2,2,3,2,2,1,,1,1,1,2,3,2,,1,3,3,3,1,5,2,3,1,2,,1,2,,2,2,1,1,3,1,6,1,8,2
5500-330204,20,5,5,,,,,,3,,,,,,,1,,,1,1,,,1,2,,2,,1,,1,,,1,1,,1,1,2,1,1,,,1,1,1,1,,,1,2,,1,,1,,1,,1,1,1,,1,,,1,,,1,,2,,,,1,
5500-330207,20,5,5,,,,1,,,,,,,,2,,,1,1,,,,,,,,,,,,,,1,,,,,,,,1,,,1,,,1,,,,,,1,,,,,,,,,,1,,,,,,,2,,1,,,
5500-330220,20,5,5,,1,,,,,1,,,,,1,1,,,,1,,,1,,1,2,,,,,,1,1,1,1,,,,1,,,,1,1,2,,1,1,,,1,,,,,1,1,,,,,1,,,,,1,1,,,4,,,,
5500-330230,20,5,5,,1,,,,,,,,,,,,,,1,,,1,,,,,,1,,,,,,,,,,,1,,,1,,,,,,1,,,1,,,,,,,2,,,,1,,1,1,2,,,,1,,,,,
5500-330330,20,5,5,7,5,7,4,1,3,2,3,6,4,5,4,3,2,7,3,2,7,7,7,5,3,3,2,3,,4,2,3,3,2,2,2,1,1,1,1,2,,1,1,4,3,7,2,,1,4,2,3,6,2,7,3,1,3,1,2,2,4,,4,3,1,1,1,4,9,1,3,3,2
5500-330404,20,5,5,,,,,,1,,,,,,,,,,,,,,,,,,,,,,,,,,,,,,,,,,,,,,,,,,,,,,,,,,,,,,,,2,,,2,,,,,,,
5500-330504,20,5,5,2,,1,1,1,2,3,,1,4,,3,2,1,,1,1,2,2,1,,1,,,,1,,,,,,1,,1,,2,,2,1,1,1,,2,1,,1,1,,,1,,5,1,2,1,2,1,1,1,2,,,,,,1,,,,,1,
5500-330507,20,5,5,5,6,2,2,3,3,4,4,3,2,2,7,3,4,3,1,5,3,5,5,5,3,1,3,1,1,1,2,1,3,2,4,6,2,5,2,4,2,5,,3,4,2,8,6,6,3,4,3,4,1,4,4,1,1,2,2,1,3,3,3,4,2,3,,7,2,3,,,,2
5500-330604,20,5,5,1,2,3,3,10,4,2,2,8,1,6,8,2,2,9,5,1,7,2,3,7,5,1,,3,2,4,1,6,3,2,2,3,3,6,2,4,3,4,7,2,3,2,2,2,5,1,4,1,3,2,2,1,5,4,4,2,6,2,1,1,,9,5,3,4,4,4,1,,,3
5500-330607,20,5,5,10,7,9,6,10,9,13,9,8,9,7,18,8,14,3,1,1,7,5,10,4,3,9,8,5,3,3,6,2,3,4,7,5,4,2,5,2,1,4,1,2,3,3,4,5,4,5,4,3,3,7,6,13,4,2,3,6,3,8,1,6,2,1,1,2,4,3,2,3,2,4,4
5500-330804,20,5,5,,,,,,,,,,,,,,,,,,,,,,,,,,,,,,,,,,,,,,,,,,,,,,,,,,,,,,,,,,2,,,,,,,,,,,,,,
5500-330904,20,5,5,,,1,1,,,,1,,2,,1,,1,2,,2,2,,1,,1,3,1,1,,1,1,,,2,,,2,1,2,1,,1,1,,,,,1,2,1,1,,,,,1,,,,1,3,1,,,,,,2,3,,1,,,,2
5500-331004,20,5,5,,,,,1,,,,,,,,,,,,,1,,,,1,,,,1,,,,,,,,,1,1,,,,1,,,1,,,,,,,,,2,,,,,,,,,,,,,,,2,,,,2,
5500-331107,20,5,5,3,,1,4,1,2,,1,2,1,2,7,4,,4,2,1,4,7,3,1,8,,1,3,1,,1,2,1,1,1,,,3,1,3,3,,2,,1,3,,1,,1,1,2,2,1,1,1,,1,,1,1,,1,2,1,2,1,,,,,2,1,2,1
5500-331204,20,5,5,2,1,2,1,1,1,2,2,1,2,1,3,2,2,,1,3,5,2,2,1,1,3,4,3,5,,1,1,1,2,3,1,,3,2,4,2,5,4,6,1,1,6,,3,3,1,1,3,4,2,2,2,2,,2,1,2,5,3,1,1,1,1,2,1,,1,1,3,2
5500-370204,7,3.5,1.5,,,,,,,,,,,,,,,,,,,,,,,,,,,,,,,,,,,,,,,,,,,,,,1,,,,,,,,,,,,,,,,,,,,,,,,2,,
5500-370215,7,3.5,1.5,,,,,,,,,,,,,,,,,,,,,,,,,,,,,,,,,,,,,,,,,,,,,,1,,,,,,,,,,,,,,,,,,,,,,,,,,
5500-370220,7,3.5,1.5,,2,,,,,,,,,,,,,,,,,,,,,,,,,,,,,,,,,,,,,,,,,,,,,,,,,,,,,,,,,1,,,,,,,,,,,,,
5500-370230,7,3.5,1.5,,,,,,,,,,,,,,,,,,,,,,,,,,,,,,,,,,,,,,,,,,,,,,,,,,,,,,,1,,,,,,,,,,,2,,,,,,
5500-370410,7,5.5,2.5,,,,,1,,,,,,,1,,1,,,,,,1,,,,,,,,,,1,,,,,,,,,,,,,,,,,,,,,,,,,,,,,,,,,,,,,,,,,,
5500-370510,7,5,2,,,,,,,,,,,,,1,,,,,,,,,,2,,,,,,,,,,,,,,,,,,,,,,,,,,,,,,,,,,,,,,,,,,,,,,,,,
5500-370615,7,5,2,1,,1,,,,1,,,,,2,,,,,,,,,,,,,,,,,,,,,,,,,,,,,,,,,,,,,,,,,,,,,,,,,,,,,,,,,,,,
5501-010704,9,7,0.5,,,,,,,,,,,,,,,,,,,,,,,,,,,,,,1,,,,,,,,,1,1,,,,,,,,,,,,,,,,,,,,,,,,,,,,,,,,
6600-110220,8,8,6,,,,,,,,,,,,,,,,1,,,,,,,,,,,,,,,,,,,,,,,,,,,,,,,,,,,,,,,,,,,,,,,,,,,,,,,,
6600-120297,17,15,1,,,,,,,,,,,,,,,,,1,1,1,,,,,,,,,,,,,,,1,,,,,,,,,,,,,,,,,,,6,,,,,,,,,,,,,4,,,,,,
6601-100204,14,11,2,4,,,,,,,2,,,1,1,,,,,,,1,,,,,,,,1,,,,1,,,,1,,,,,,,,,,,,1,,,,,1,2,2,,,,,,1,,,,,,,,,,,,
6601-100207,14,11,2,,,1,,,,,,,,,,,,,,,,,,,,,,,,,4,,,,1,,,,,,,,,,,1,,,,1,,,,,1,,,,,,,,,,,,,,,,,,,,
6601-100250,14,11,2,,,1,,,,,,,,1,,,3,4,,,,,1,,,1,1,,,,,1,,,,,,,,1,1,1,,,1,,,,,,,,,,,,,,,,,,,,,2,,,,,,,,,
6601-100330,33.5,9,18,,,,,,,,,,,,,,,,,1,,,,,,,,,,,,,1,,,1,,1,,,,,,,,,,,,,,,1,,,,,,,,,,,,,,,,,,,,,,
6601-100604,12,6,5,,,,,,,1,,,,1,,,,,,,1,,,,,,1,1,,,,,1,,1,,,,,,,1,,,,,,,,,,,,,,,,,,,,,,,,,,,,,2,,,,
6601-100607,12,6,5,,,,,,,,,,,,,,,,,,3,,,,,,,,,,,,,,,,2,,,,,,,,,,,,,,,,,,,,,,,,,,,,,,,,,,,,,,
7703-052560,7,7,3,,,,,,,,,,,,,,,,,,,,,,,,,,,,,,,,,,,,,,,,,,,1,,,,,,,,,,,,,,,,,,,,,,,,,,,,,
7704-032599,7,7,3,,,,,,,,,,,,,,,,,,,,,,,,,,,,,,,,,,,,,,,,,,,,,,,,,,,,,,,,,1,,,,,,,,,,,,,,,
9901-050707,10,5,5,,,,,,,,,,,,,,1,,,3,,,,,,,,1,,,,,,,,,,,,,3,,,,,,,1,,,,,,,,,,,,,,,,,,,,,,,,,,,
9901-060807,12,6,5,,,,,,,,,,,,,1,,,,,,,,,,,,,,,,,,,,,,,,,,,,,,,,,,,,,,,,,,,,,,,,,,1,,,,,,,,,
9901-070907,12,7,5,,,1,,,,,,1,,,1,,,,,,,,,,,,,,,,,1,,,,,,,,,,,,,,,,3,,,,,,,,,,,,,,,,,,,,,,,,,,,
9901-081207,15,8,5,,,,,,,,,,,,,,,,,,,,,,,,,,,,,,,,,1,,,,,2,,,,,,,,,,,,,,,,,,,,,,,,,,,,,,,,2,,
9901-091007,15,9,5,,,,,,,,,,,,,,,,,,,,,,,,1,,,,,,,,,,,,,,,,,,,,,,,,,,,,,,,,,,,,,,,,,,,,,,,,
9901-101507,18,10,5,,,,,,,,,,,,,,,,,,,,,,,,,,,,,,,,,,,,,,1,,,,,,,,,,,,,,,,,,,,,,,,,,,,,,,,,,
9901-121607,20,13,5,,,,,,,,,,,,,1,,,,,,,,,,,,,,,,,,,,,,,,,,,,,,,,,,,,,,,,,,,,,,,,,,,,,,,,,,,
9901-152007,24,15,5,,,,,,,,,,,,,,,,,,,,,,,,,,,,,,,,,,,,,,,,,,,,,,,2,,,,,,,,,,,,,,,,,,,,,,,,,
9902-050707,7,5,5,,,,,,,,,,,6,,,,,,,,,,,1,,,,,,,,,,,,,,,,,,,,,,,,,,,,1,,,,,2,,,,,,,,,,,,,,,,,
9902-060807,8,6,5,,,,,,,,,,,,,,,,,,,,,,,,,,,,,,,,,,9,,,,,,,,,,,,,,,,,,,,,,,,,,,,,,,,,,,,,,
9902-081207,12,8,5,,,,,,,,,,,,,,,,,,,,,,,,,,,,,,,,,,,,,,,,,,,,,,,5,,,,,,,,2,,,,,,,,,,,,,,,,,
9902-091007,10,9,5,,,,,,,,,,,,,,,,,,,1,,1,,,,,,,,,,,,,,,,,,,,,,,1,1,,,,,,,,,,,,,,,,,,,,,,,,,,,
9902-101507,15,10,5,2,,,,,14,,,,,,,,,,,,5,,,3,,,,,,,,,,,,,,,,,,,,,,,,16,,,1,,,,,,,,,,,,,,,,,,1,,,,,,
9902-121507,15,12,5,,,,,,,,,,,,,,,,,,,,,,,,,,,,,,,,,,,,,,,,,2,,,,,,,,,,,,,,,,,,,,,,,,,,,,,,,
9903-050607,10,6,3,,,1,,1,,,,,,,,,,,,,,,,,,,,,,,,4,,,,10,,,,,,1,,,,,5,,,,,,,,,,,,,,,2,2,,,,,,,,,1,,,2
9903-060707,11,7,3,,,1,,,,,,,,,,,,2,,,,,,1,,,,,,,3,,,,,,,,1,,,1,,,1,,,,,1,,2,,,,,,,,,,,,,2,,,,,,,,,,
9903-070907,13,8,3,,,,,,,,,,,,,,,,,,,,,,,,,,,,,,,,,,,,,,,,,,,,,,,,,,,,,,,,,,2,,,,,,,2,,,,,2,,
9911-123304,40,21,0.25,,,,,,,,,,,,,,,,,,,,2,,,,,,,,,,,,,,,,,,,,,,,,,,,,,,,,,,,,,,,,,,,,,,,,,,,,
9913-403651,43,26,0.25,,,,,,,,,,,,,,,,,,,,,,,,,,,,,,,,,,,,,,,,20,,,,,,,,,,,,,,,,,,,,,,,,,,,,,,,,
9922-203000,23,21,6,,,,,,,,,,,,,,,,,,,,,,1,,,,,,,,,,,,,,,,,,,,,,,,,,,,,,,,,,,,,,,,,,,,,,,,,,
9922-253500,28,22,7,,,,,,,,,,1,,,,,,,,,,,,,,,,,,,,,,,,,,,,,,,,,,,,,,,,,,,,,,,,,,,,,,,,,,,,,,
9922-304000,33,24,7,,,,,,,,,,,,,,1,,,,,,,,,,,,,,,1,,,,,,,,,,,,,,,,,,,,,,,,,,,,,,,,,,,,,,,,,,,
9923-253501,28,22,6,,,,,,,,,,,,,,,,,,,,,,,,,,,,,,,,,,,,,,,,,,,,,,,,,,,,,,1,,,,,,,,,,,,,,,,,,
9923-354501,36,29,6,,,,,,,,,,,,,,,,,,,,,,,,,,,,,,,,,,,,,,3,,,,,,,,,,,,,,,,,,,,,,,,,,,,,,,,,,
9924-263307,29,23,5,,,,,,,,,,,,,,,,3,,,,1,,,,,,,,,,,,,,,,,,,,,,,,,,,,,,,,,,,,,,,,,,,,,,,,,,,,
9924-304004,32,23,5,,,,,,,,,,,,,,,,,,,,,,1,,,,,,,,,,,,,,,,,,,,,,,,,,,,,,,,,,,,,,,,,,,,,,,,,,
9924-304007,32,23,5,,,,,,,,,,,,,,,,,,,,,,,,,,,,,,,,,,,,,,,,,,,,,,,,,,,,,,,,,,,,,,,,,,,2,,,,,
9924-405025,43,29,5,,,,,,,,,,,,,,,,,,,,,,,,,,,,,,,,,,,,,,,,,,,,,,,,,,,,,,,,,,,,,,,,,,,,,1,,,
9926-334007,48,35,6,,,,,,,,,,,,,,,,,,,,,,,,,,,,,,,,,,,,,,,,,,,,,,,,,,,,,,,,,,,,,,,,,,,,,1,,,
C01-QD006-342-101626-1ddm,14,10,6,,,,,,,,,,,,,,,,,,1,,,,,,,,,,,,,,,,,,,,,,,,,,,,,,,,,,,,,,,,,,,,,,,,,,,,,,
C13-FLW-100204,17,7,7,,,,4,75,2,2,,2,1,,78,1,,,4,2,2,75,,3,2,,,1,2,,78,1,1,2,1,1,2,,1,,1,1,3,1,1,1,,1,1,,,151,1,1,1,5,3,,181,1,,3,1,2,1,1,,2,1,1,,91,1,,
C13-FLW-100220,17,7,7,,,,,,,,,,,,,,,,,,,,,,,,,,,,,,,,,,,,,,,1,,2,1,75,,1,2,1,,1,,,1,1,,1,2,,,,4,1,1,,,2,1,1,,26,1,,
C13-FLW-100225,17,7,7,,,,,,,,,1,,,75,2,1,,1,,,,,,,,,,1,,75,,,,1,,,,2,,,3,,,,75,1,1,1,,1,,1,2,1,,,1,,,1,,,,1,1,1,1,1,2,3,45,2,,
C13-FLW-100231,17,7,7,,,,,,,,,,,,,,,,,,,,,,,,,,,,,,,,,,,,,,4,1,1,1,1,75,1,2,4,,,,2,1,1,,1,,,1,1,,,,1,,,1,,,1,22,,1,1
C13-FLW-100240,17,7,7,,,,1,,,2,1,3,,1,1,,2,1,,2,,75,,1,,,,,,1,,1,,2,,,,,2,1,,,2,,,1,,,,1,,,1,1,1,1,1,,76,,,1,1,,,,,,,,,,,1,1
C13-FLW-100255,17,7,7,2,1,,3,150,3,,1,1,4,2,1,1,1,1,,2,,75,2,1,2,,,3,1,,151,,,1,1,,,1,1,1,3,1,2,2,2,,1,1,,3,2,152,2,,1,3,1,,364,1,,1,,1,1,182,2,,,3,1,1,1,,3
C30-600-101100,37,11,15,12,,,,,,,,,,,,,,,,,,,,,,,,,,,,,,,,,,,,,,,,,,,,,,,,,,,,,,,,,,,,,,,,,,,,,,,
C32-TG027-G2,6,10,2,,,1,,,,,,,,,1,,,,,,,,1,,,,,,,,,,,,,,,,,,,,,,,,,,,,1,,,,,,,,,,,,,,,,,,,,,,,,
C32-TG034-G2,6,10,2,,,1,,,,,,,,,,1,,1,,1,,,1,,,,,,,,,1,,1,,,1,,,1,1,,,,,,,,,,,,,,,,,,2,,3,1,,,,,1,,,,,,,,
C32-TG077-G1,6,10,2,5,7,3,2,3,8,2,10,4,7,4,6,4,6,5,5,2,7,11,12,15,7,13,8,6,1,12,3,1,2,,,,1,2,,,3,3,1,3,2,,4,2,,4,2,1,,2,,2,1,2,,3,3,5,,1,2,3,,1,6,1,4,9,2,4,7
C32-TG087-G1,6,10,2,,,,,,,,,,,,,,,,,,,,1,,2,,,,,,,,,,,,,,1,,,,,,,,1,,,,,,,,,,,,,,,,,,,,,,,,,,,,
C45-101-092715,27,9,5,,,,,,,,,,,,,,,,,,,,1,1,,,,,,,,,,,,,,,,,,,,,,,,,,,,,,,,,,,,,,,,,,,,,,,,,,,
C45-101-103415,35,10,6,,,,,,,,,,,,,,,,,,,,1,,,,,,,,,,,,,,,,,,,,,,,,,,,,,,,,,,,,,,,,,,,,,,,,,,,,
C45-102-103460,36,10,7,,,,,,,,,,,,,,,,,,,,,,,,,,,,,,,,,,,,,,,,,,,,,,,,,,,2,,,,,,,,,,,,,,,,,,,,,
C45-201-172204,23,23,3,,,,,,,,,,,,,,,,,,,,1,,,,,,,,,,,,,,,,,,,,,,,,,,,,,,,,,,,,,,,,,,,,,,,,,,,,
C45-301-132115,24,13,5,,,,,,,,,,,,,,,,,,,,,,,,,,,,,,,,,,,,,,,,,,,,,,,,,,,,,,,,,,,,,,,,,,,,,,,2,
C45-301-132130,24,13,5,,,,,,,,,,,,,,,,,,,,,,,,,,,,,,,,,,,,,,,,,,,,,,,1,,,,,,,,,,,,,,,,,,,,,,,,,
C45-301-152315,18,15,5,,,,,,,,,,,,,,,,,,,,,,,,,,,,,,,,,,,1,,,,,,,,,,,,,,,,,,,,,,,,,,,,,,,,,,,,,
C45-401-132004,24,13,5,,,,,,,,,,,,,,,,,,,,,,,,,2,,,,,,,,,,,,,,,,,,,,,,,,,,,,,,,,,,,,,,,,,,,,,,,
C45-401-132010,24,13,5,1,,,,,,,,,,,,,,,,,,,1,,,,,,,,,,,,,,,,3,,,,,,,,,,,,,,,,,,,,,,,,,,,,,,,2,,,,,
C45-403-132060,23,14,5,,1,,,,,,,,,,,,,,,1,,,,,,,,,,,,,,,,,,,,,,,,,,,,,,,,,,,,,,,,,,,2,,,,,,,,,,,,
CM01-001-00111,15,6,2,,,,,,,,,,,,,,,,,,,,,,,,,,,,,,,,,,,,,,,,,,,,,,,,,,,,,,,,,,,,,1,,,,,,,,,,,
CM01-001-00112,15,6,1,,,,,,,,,,,,,,,,,,,,,,,,,,1,,,,,,,,,,,,,,,,,,,,,,,,,,,,,,,,,,,,,,,,,,,,,,
CM01-001-00113,15,6,1,,,,,,,,,,,,,,,,,,,,,,,,,,,,,,,,,,,,1,,,,,,,,,,,,,,,,,,,,,,,,,,,,,,,,,,,,
CM01-001-00201,17,6,2,,,,,,,,,1,,,,,,,,,,3,,,,2,,,,,,,,,,,,,,,,,,1,,,,,,,,,,,,,,,,,,,,1,,,,,,,,,,,
CM01-001-00209,12,6,1,,,,,,,,,,,,,,,,,,,,,,,,,,,,,,,,,,,,,,,,,,,,,,,,,,,,,,,,,,,,,,,,,,,,,1,,,
CM01-001-00502,9,10,1,,,,,,,,,,,,,,,,,,,,,,,,,,,,,,,,,,,,,,,,1,,,,,,,,,,,,,,,,,,,,,,,,,,,,,,,,
CM01-002-00101,17,9,1,,,,,,,,,,,,,,,,,,,,,,1,,,,,1,,,1,,,,,,,,,,,,,,,,,,,,,,,,,,,,,,,,,,,,,,,,,,
CM01-002-00102,17,9,1,,,,,,,,,,,,,,,,1,,,,,,,,,,,,,,,,1,,1,,,,,,,,,,,,,,,,,,,,,,,,,,,,,,,,,,,,,,
CM01-002-00103,17,9,1,,,,,,,,,,,,,,,,,,,2,,,,,,,,,,,,,,,,,,,,,,,,,,,,,,,,,,,,,,,,,,,,,,,,,,,,,
CM01-002-00104,17,9,1,,,,,,,,,,,,,,,,,,,,,,,,,,,,,,,,,,,,,,,,,,,,,,,,,,1,,,,,,,,,,,,,,,,,,,,,,
CM01-002-00105,17,9,1,,,,,,,,,,,,,,,,,,,,,,,,,,,,,,,,,,,,,,,,,,,,,,,,,,,,,,,,,,,,,,,,,1,,,,,,,
CM01-002-00106,17,9,1,,,,,,,,1,,,,,,,,,,,,,,,,,,,,,,,,,,,,,,,,,,,,,,,,,,,,,,,,,,,1,,,1,,,,,,,,,,
CM01-002-00119,17,9,1,,,,,,,,,,,,,,,,,,,,,,,,,,,1,,,,,,,,,,,,,1,,,,,,,,,,,,,,,,,,,,,,,,,,,,,,,,
CM01-002-00120,17,9,1,,,,,,,,,1,,,,,,,,,,,,,1,,1,,1,,,1,,,,1,,,2,,,,,,,,,,,,,,,,,,,,,,,,,,,,,,,,,,,,
CM01-002-00121,17,9,1,,,,,,,,,,,,,,,,,,,,,,2,,,,1,,,,1,,1,,,,,,,,,,,,,,,,,,,,,1,,,,,,,,1,1,,,,,1,,,,,
CM01-002-00123,17,9,1,,,,,,,,,,,,,,,,,,,,,,,,,,,,,,,,,,,,,,,,,,,,,,,,,,,,,,,,,1,,,,,,,,,,,,,,,
CM01-002-00127,17,9,1,,,,,,,,,,,,,,,,,,,,1,,,,,,,,,,,,,,,,,,,,,1,1,,,,1,,,,,,1,,,,,,,,,,1,,,,,,,1,,,
CM01-002-00128,17,9,1,,,,,,,,,,,,,,,,,,,,,,,,,,,,,,,,,,,,,,,,,,,,,,,,,,,,,,,,,,,,,,1,,1,,,,,,,,
CM01-002-00130,17,9,1,,,,,,,,,,1,,,,,,,,,,,,2,,,,,,,,,,,,,,,,,,,,,,,,,,,,,,,,,,,,,,,,,,,,,,,,,,
CM01-002-00131,17,9,1,,,,,,,,,,,,,,,,,,,,,,,,,,,,,1,,,,,,,,,,,,,,1,,,,,,,,,,,,,,,,,,,,,,,,,,,,,
CM01-002-00134,17,9,1,,,,,,,,,,,,,,,,,,2,,,,,,,,,,,,,,,,,,,,,,,,,,,,,,,,,,,,,,,,,,,,,,,,,,,,,,
CM01-002-00135,17,9,1,,,,,,,,,,,1,,,,,,,,2,1,1,,,,1,,,,,,,,,,,,,1,,,,,,,,,,,,,,,,,,1,,,,,,,,,,,,,,,,
CM01-002-00137,17,9,1,,,,,,,,,,,,,,,,,,,1,,,,,1,,,,,,,,,,,,2,,,,,,,,,,,,2,,,,,,,,1,,1,,,,,,,,,,,,,,
CM01-002-00138,17,9,1,,,,,,,,,,,1,,,,,,,,,,,,,,,,,,,,,,,,,,,,,,,,,,,,,,,,,,,,,,,,,,,,,,,,,,,,,
CM01-002-00140,17,9,1,,,,,,,,,,,,,,,,,,,,,,,1,,,,,,,,,,1,,,,1,,,,,,,1,,,1,,,1,,1,,,,,,,,,,1,,,,,,,,,,
CM01-003-00101,5.1,3.2,0.4,,,,,,,,,1,,,,,,,,1,,3,4,4,1,2,3,,3,,,,1,,4,1,,,,2,,3,,1,,,,,,,,,,,,,,,1,2,,,,,,,1,,,,,,,,
CM01-004-00418,12,6,1,,,,,,,,,,,,,,,,,,,,1,,,,,,,,,,,,,,,,,,,,,,,,,,,,,,,,,,1,,,,,,,,,,,,,,,,,,1
D01-203-121804,26,13,5,,,,,,,,,,,,1,,,,,,,,,,,,,,,,,,,,,,,2,,,,,,,,,,,,,,,,2,,,,,,,,,,,,,,,,,,,,,
D01-203-751004,17,8,6,,,,,,,,,,,,,,,,,,,,1,,,,,,,,,,,,,,,,,,,,,,,,,,,,,,,,,,,,,,,,,,,,,,,,,,,,
PK-CM01-002-00100-03,17,9,1,,,,,,,,,,,,,,,,,,,,,,1,,,,,,1,,,,,,,1,1,,,,,1,,,1,,,,,,,,,,,,,,,,,,,,1,,,,,,,,
PK-CM01-002-00100-04,17,9,1,1,,,,,,,,,,,1,,,,,,,,,,1,,,,,,,,,,,,,,,,,,,,,,,,,,,,,,,,,,,,,,,,,,,,,,,,,,
QD001-318-091460,14,10,6,,,,,,1,,,,,,,,,,,,,,,,,,,,,,,,,,,,,,,,,,,,,,,,,,,,,,,,,,,,,,,,,,,,,,,,,,
QD002-302-101504,14,10,6,1,,,,,,,,,,,,,,,,,,,,,,,,,,,,,,,,,,,,,,,,,,,,,,,,,,,,,,,,,,,,,,,,,,,,,,,
QD004-302-101510,14,10,6,1,,,,,,,,,,,,,,,,,,,,,,,,,,,,,,,,,,,,,,,,,,,,,,,,,,,,,,,,,,,,,,,,,,,,,,,
T01-003-00130,20,13,4,,,,,,,,,,,,,,,,,,,,,,,,,,,,1,,,,,,,,,1,,,,,,,,1,1,,2,,,,,,,,,,,,,,,,,,,,,,,,
T01-003-00145,20,13,4,,,,,,,,,,,,,,,,,,,,,,,,,,,,,,,,,,,,,,,,,,,,,,,,,,,,1,,,,,,,,,,,,,,,,,,,,
T01-003-00150,20,13,4,,,,,,,,,,,,,,,,,,,,,,,,,1,,,,1,,,,,,,1,,,,,,,1,,,,,2,,1,,,,,,,,1,,,,,,,,,,,,,,
T01-003-00155,20,13,4,,,,,,,,,,,,,1,,,,,,,,,,1,,,1,1,1,3,,,2,1,2,2,,1,,,1,,,2,1,3,1,,,,1,1,,,,,,,,,,,,,,,,,,,,,
